"category","doc_id","title","path","prd_id","observed_sbom_code","observed_sku_anchor","source_url"
"笔记本","product-10086032697504","HUAWEI MateBook D 14 参数与卖点","01_参数与卖点_KB/笔记本/10086032697504_HUAWEI_MateBook_D_14.md","10086032697504","2801010169429","10086032697504+2801010169429","https://www.vmall.com/product/comdetail/index.html?prdId=10086032697504&sbomCode=2801010169429"
"笔记本","product-10086097339191","HUAWEI MateBook 14 鸿蒙版 参数与卖点","01_参数与卖点_KB/笔记本/10086097339191_HUAWEI_MateBook_14_鸿蒙版.md","10086097339191","2801010196902","10086097339191+2801010196902","https://www.vmall.com/product/comdetail/index.html?prdId=10086097339191&sbomCode=2801010196902"
"笔记本","product-10086159780677","HUAWEI MateBook D 14 SE 参数与卖点","01_参数与卖点_KB/笔记本/10086159780677_HUAWEI_MateBook_D_14_SE.md","10086159780677","2801010170615","10086159780677+2801010170615","https://www.vmall.com/product/comdetail/index.html?prdId=10086159780677&sbomCode=2801010170615"
"笔记本","product-10086297718748","HUAWEI MateBook Fold 非凡大师 参数与卖点","01_参数与卖点_KB/笔记本/10086297718748_HUAWEI_MateBook_Fold_非凡大师.md","10086297718748","","","https://www.vmall.com/product/comdetail/index.html?prdId=10086297718748"
"笔记本","product-10086309170231","HUAWEI MateBook GT 14 酷睿 Ultra 参数与卖点","01_参数与卖点_KB/笔记本/10086309170231_HUAWEI_MateBook_GT_14_酷睿_Ultra.md","10086309170231","2801010177223","10086309170231+2801010177223","https://www.vmall.com/product/comdetail/index.html?prdId=10086309170231&sbomCode=2801010177223"
"笔记本","product-10086600621238","HUAWEI MateBook D 16 SE 参数与卖点","01_参数与卖点_KB/笔记本/10086600621238_HUAWEI_MateBook_D_16_SE.md","10086600621238","2801010152845","10086600621238+2801010152845","https://www.vmall.com/product/comdetail/index.html?prdId=10086600621238&sbomCode=2801010152845"
"笔记本","product-10086627212823","HUAWEI MateBook 14 酷睿 Ultra 参数与卖点","01_参数与卖点_KB/笔记本/10086627212823_HUAWEI_MateBook_14_酷睿_Ultra.md","10086627212823","2801010174935","10086627212823+2801010174935","https://www.vmall.com/product/comdetail/index.html?prdId=10086627212823&sbomCode=2801010174935"
"笔记本","product-10086702263930","HUAWEI MateBook Pro 参数与卖点","01_参数与卖点_KB/笔记本/10086702263930_HUAWEI_MateBook_Pro.md","10086702263930","2801010187204","10086702263930+2801010187204","https://www.vmall.com/product/comdetail/index.html?prdId=10086702263930&sbomCode=2801010187204"
"笔记本","product-10086715793338","HUAWEI MateBook D 16 参数与卖点","01_参数与卖点_KB/笔记本/10086715793338_HUAWEI_MateBook_D_16.md","10086715793338","2801010168126","10086715793338+2801010168126","https://www.vmall.com/product/comdetail/index.html?prdId=10086715793338&sbomCode=2801010168126"
"穿戴","product-wearable-band-10","华为手环 10 产品档案","01_参数与卖点_KB/穿戴/band-10_华为手环_10.md","10086010507510","2901020055202","10086010507510+2901020055202","https://www.vmall.com/product/comdetail/index.html?prdId=10086010507510&sbomCode=2901020055202"
"穿戴","product-wearable-band-11","华为手环 11 产品档案","01_参数与卖点_KB/穿戴/band-11_华为手环_11.md","10086238406358","2901020058601","10086238406358+2901020058601","https://www.vmall.com/product/comdetail/index.html?prdId=10086238406358&sbomCode=2901020058601"
"穿戴","product-wearable-band-11-pro","华为手环 11 Pro 产品档案","01_参数与卖点_KB/穿戴/band-11-pro_华为手环_11_Pro.md","10086275048704","2901020058702","10086275048704+2901020058702","https://www.vmall.com/product/comdetail/index.html?prdId=10086275048704&sbomCode=2901020058702"
"穿戴","product-wearable-fit-4","HUAWEI WATCH FIT 4 产品档案","01_参数与卖点_KB/穿戴/fit-4_HUAWEI_WATCH_FIT_4.md","10086263071875","2901010115502","10086263071875+2901010115502","https://www.vmall.com/product/comdetail/index.html?prdId=10086263071875&sbomCode=2901010115502"
"穿戴","product-wearable-fit-4-pro","HUAWEI WATCH FIT 4 Pro 产品档案","01_参数与卖点_KB/穿戴/fit-4-pro_HUAWEI_WATCH_FIT_4_Pro.md","10086844111132","2901010115802","10086844111132+2901010115802","https://www.vmall.com/product/comdetail/index.html?prdId=10086844111132&sbomCode=2901010115802"
"穿戴","product-wearable-fit-5","HUAWEI WATCH FIT 5 产品档案","01_参数与卖点_KB/穿戴/fit-5_HUAWEI_WATCH_FIT_5.md","10086642761233","2901010128003","10086642761233+2901010128003","https://www.vmall.com/product/comdetail/index.html?prdId=10086642761233&sbomCode=2901010128003"
"穿戴","product-wearable-fit-5-pro","HUAWEI WATCH FIT 5 Pro 产品档案","01_参数与卖点_KB/穿戴/fit-5-pro_HUAWEI_WATCH_FIT_5_Pro.md","10086520099903","2901010128101","10086520099903+2901010128101","https://www.vmall.com/product/comdetail/index.html?prdId=10086520099903&sbomCode=2901010128101"
"穿戴","product-wearable-gt-6","HUAWEI WATCH GT 6 产品档案","01_参数与卖点_KB/穿戴/gt-6_HUAWEI_WATCH_GT_6.md","10086756606045","2901010122510","10086756606045+2901010122510","https://www.vmall.com/product/comdetail/index.html?prdId=10086756606045&sbomCode=2901010122510"
"穿戴","product-wearable-gt-6-pro","HUAWEI WATCH GT 6 Pro 产品档案","01_参数与卖点_KB/穿戴/gt-6-pro_HUAWEI_WATCH_GT_6_Pro.md","10086772984616","2901010122601","10086772984616+2901010122601","https://www.vmall.com/product/comdetail/index.html?prdId=10086772984616&sbomCode=2901010122601"
"穿戴","product-wearable-gt-runner-2","HUAWEI WATCH GT Runner 2 产品档案","01_参数与卖点_KB/穿戴/gt-runner-2_HUAWEI_WATCH_GT_Runner_2.md","10086041056283","2901010126704","10086041056283+2901010126704","https://www.vmall.com/product/comdetail/index.html?prdId=10086041056283&sbomCode=2901010126704"
"穿戴","product-wearable-kids-5","华为儿童手表 5 产品档案","01_参数与卖点_KB/穿戴/kids-5_华为儿童手表_5.md","10086770718107","2901010089002","10086770718107+2901010089002","https://www.vmall.com/product/comdetail/index.html?prdId=10086770718107&sbomCode=2901010089002"
"穿戴","product-wearable-kids-5-active","华为儿童手表 5 活力版 产品档案","01_参数与卖点_KB/穿戴/kids-5-active_华为儿童手表_5_活力版.md","10086886698309","2901010093002","10086886698309+2901010093002","https://www.vmall.com/product/comdetail/index.html?prdId=10086886698309&sbomCode=2901010093002"
"穿戴","product-wearable-kids-5-new","华为儿童手表 5 新耀版 产品档案","01_参数与卖点_KB/穿戴/kids-5-new_华为儿童手表_5_新耀版.md","10086127112403","2901030096701","10086127112403+2901030096701","https://www.vmall.com/product/comdetail/index.html?prdId=10086127112403&sbomCode=2901030096701"
"穿戴","product-wearable-kids-5-pro","华为儿童手表 5 Pro 产品档案","01_参数与卖点_KB/穿戴/kids-5-pro_华为儿童手表_5_Pro.md","10086812835937","2901030096307","10086812835937+2901030096307","https://www.vmall.com/product/comdetail/index.html?prdId=10086812835937&sbomCode=2901030096307"
"穿戴","product-wearable-kids-5x","华为儿童手表 5X 产品档案","01_参数与卖点_KB/穿戴/kids-5x_华为儿童手表_5X.md","10086817209854","2901010083601","10086817209854+2901010083601","https://www.vmall.com/product/comdetail/index.html?prdId=10086817209854&sbomCode=2901010083601"
"穿戴","product-wearable-supernova-x1","华为超新星手表 X1 产品档案","01_参数与卖点_KB/穿戴/supernova-x1_华为超新星手表_X1.md","10086247988705","2901030101502","10086247988705+2901030101502","https://www.vmall.com/product/comdetail/index.html?prdId=10086247988705&sbomCode=2901030101502"
"穿戴","product-wearable-supernova-x1-pro","华为超新星手表 X1 Pro 产品档案","01_参数与卖点_KB/穿戴/supernova-x1-pro_华为超新星手表_X1_Pro.md","10086000426654","2901030101601","10086000426654+2901030101601","https://www.vmall.com/product/comdetail/index.html?prdId=10086000426654&sbomCode=2901030101601"
"穿戴","product-wearable-ultimate-2","HUAWEI WATCH Ultimate 2 非凡探索 产品档案","01_参数与卖点_KB/穿戴/ultimate-2_HUAWEI_WATCH_Ultimate_2_非凡探索.md","10086737247770","2901010123902","10086737247770+2901010123902","https://www.vmall.com/product/comdetail/index.html?prdId=10086737247770&sbomCode=2901010123902"
"穿戴","product-wearable-ultimate-design-diamond","HUAWEI WATCH ULTIMATE DESIGN 星钻绽放款 产品档案","01_参数与卖点_KB/穿戴/ultimate-design-diamond_HUAWEI_WATCH_ULTIMATE_DESIGN_星钻绽放款.md","10086187155216","2901010127501","10086187155216+2901010127501","https://www.vmall.com/product/comdetail/index.html?prdId=10086187155216&sbomCode=2901010127501"
"穿戴","product-wearable-ultimate-design-gold","HUAWEI WATCH ULTIMATE DESIGN 蓝宝石黄金款 产品档案","01_参数与卖点_KB/穿戴/ultimate-design-gold_HUAWEI_WATCH_ULTIMATE_DESIGN_蓝宝石黄金款.md","10086869679553","2901010097803","10086869679553+2901010097803","https://www.vmall.com/product/comdetail/index.html?prdId=10086869679553&sbomCode=2901010097803"
"穿戴","product-wearable-ultimate-design-purple","HUAWEI WATCH ULTIMATE DESIGN 紫金款 产品档案","01_参数与卖点_KB/穿戴/ultimate-design-purple_HUAWEI_WATCH_ULTIMATE_DESIGN_紫金款.md","10086930244461","2901010124701","10086930244461+2901010124701","https://www.vmall.com/product/comdetail/index.html?prdId=10086930244461&sbomCode=2901010124701"
"穿戴","product-wearable-watch-5","HUAWEI WATCH 5 产品档案","01_参数与卖点_KB/穿戴/watch-5_HUAWEI_WATCH_5.md","10086970913877","2901010117103","10086970913877+2901010117103","https://www.vmall.com/product/comdetail/index.html?prdId=10086970913877&sbomCode=2901010117103"
"穿戴","product-wearable-watch-buds-2","HUAWEI WATCH Buds 2 产品档案","01_参数与卖点_KB/穿戴/watch-buds-2_HUAWEI_WATCH_Buds_2.md","10086418127543","2901010127801","10086418127543+2901010127801","https://www.vmall.com/product/comdetail/index.html?prdId=10086418127543&sbomCode=2901010127801"
"穿戴","product-wearable-watch-d2","HUAWEI WATCH D2 产品档案","01_参数与卖点_KB/穿戴/watch-d2_HUAWEI_WATCH_D2.md","10086771580154","2901010106107","10086771580154+2901010106107","https://www.vmall.com/product/comdetail/index.html?prdId=10086771580154&sbomCode=2901010106107"
"打印机","product-打印机-bisheng-laser-x1","华为毕昇激光打印机 X1 产品档案","01_参数与卖点_KB/打印机/bisheng-laser-x1_华为毕昇激光打印机 X1.md","10086607543515","3703010008009","10086607543515+3703010008009","https://www.vmall.com/product/comdetail/index.html?prdId=10086607543515&sbomCode=3703010008009"
"耳机","product-earphone-classic-usbc","华为经典耳机（USB Type-C版） 产品档案","01_参数与卖点_KB/耳机/classic-usbc_华为经典耳机（USB_Type-C版）.md","114230598","3102130000701","114230598+3102130000701","https://www.vmall.com/product/comdetail/index.html?prdId=114230598&sbomCode=3102130000701"
"耳机","product-earphone-freearc","HUAWEI FreeArc 产品档案","01_参数与卖点_KB/耳机/freearc_HUAWEI_FreeArc.md","10086670650783","3102050082108","10086670650783+3102050082108","https://www.vmall.com/product/comdetail/index.html?prdId=10086670650783&sbomCode=3102050082108"
"耳机","product-earphone-freebuds-6","HUAWEI FreeBuds 6 产品档案","01_参数与卖点_KB/耳机/freebuds-6_HUAWEI_FreeBuds_6.md","10086954112986","3102050081302","10086954112986+3102050081302","https://www.vmall.com/product/comdetail/index.html?prdId=10086954112986&sbomCode=3102050081302"
"耳机","product-earphone-freebuds-6i","HUAWEI FreeBuds 6i 产品档案","01_参数与卖点_KB/耳机/freebuds-6i_HUAWEI_FreeBuds_6i.md","10086579314415","3102050073201","10086579314415+3102050073201","https://www.vmall.com/product/comdetail/index.html?prdId=10086579314415&sbomCode=3102050073201"
"耳机","product-earphone-freebuds-7i","HUAWEI FreeBuds 7i 产品档案","01_参数与卖点_KB/耳机/freebuds-7i_HUAWEI_FreeBuds_7i.md","10086787374428","3102050084803","10086787374428+3102050084803","https://www.vmall.com/product/comdetail/index.html?prdId=10086787374428&sbomCode=3102050084803"
"耳机","product-earphone-freebuds-pro-5","HUAWEI FreeBuds Pro 5 产品档案","01_参数与卖点_KB/耳机/freebuds-pro-5_HUAWEI_FreeBuds_Pro_5.md","10086903289940","3102050086901","10086903289940+3102050086901","https://www.vmall.com/product/comdetail/index.html?prdId=10086903289940&sbomCode=3102050086901"
"耳机","product-earphone-freebuds-se-2","HUAWEI FreeBuds SE 2 产品档案","01_参数与卖点_KB/耳机/freebuds-se-2_HUAWEI_FreeBuds_SE_2.md","10086459091537","3102050064707","10086459091537+3102050064707","https://www.vmall.com/product/comdetail/index.html?prdId=10086459091537&sbomCode=3102050064707"
"耳机","product-earphone-freebuds-se-3","HUAWEI FreeBuds SE 3 产品档案","01_参数与卖点_KB/耳机/freebuds-se-3_HUAWEI_FreeBuds_SE_3.md","10086029242268","3102050079405","10086029242268+3102050079405","https://www.vmall.com/product/comdetail/index.html?prdId=10086029242268&sbomCode=3102050079405"
"耳机","product-earphone-freebuds-se-4-anc","HUAWEI FreeBuds SE 4 ANC 产品档案","01_参数与卖点_KB/耳机/freebuds-se-4-anc_HUAWEI_FreeBuds_SE_4_ANC.md","10086805863741","3102050085105","10086805863741+3102050085105","https://www.vmall.com/product/comdetail/index.html?prdId=10086805863741&sbomCode=3102050085105"
"耳机","product-earphone-freeclip","HUAWEI FreeClip 产品档案","01_参数与卖点_KB/耳机/freeclip_HUAWEI_FreeClip.md","10086109448846","3102050068801","10086109448846+3102050068801","https://www.vmall.com/product/comdetail/index.html?prdId=10086109448846&sbomCode=3102050068801"
"耳机","product-earphone-freeclip-2","HUAWEI FreeClip 2 产品档案","01_参数与卖点_KB/耳机/freeclip-2_HUAWEI_FreeClip_2.md","10086907823195","3102050085412","10086907823195+3102050085412","https://www.vmall.com/product/comdetail/index.html?prdId=10086907823195&sbomCode=3102050085412"
"耳机","product-earphone-freeclip-2-collectors","HUAWEI FreeClip 2 典藏版 产品档案","01_参数与卖点_KB/耳机/freeclip-2-collectors_HUAWEI_FreeClip_2_典藏版.md","10086279570802","3102050089601","10086279570802+3102050089601","https://www.vmall.com/product/comdetail/index.html?prdId=10086279570802&sbomCode=3102050089601"
"耳机","product-earphone-freelace-active","HUAWEI FreeLace 活力版 产品档案","01_参数与卖点_KB/耳机/freelace-active_HUAWEI_FreeLace_活力版.md","10086653605178","3102050039702","10086653605178+3102050039702","https://www.vmall.com/product/comdetail/index.html?prdId=10086653605178&sbomCode=3102050039702"
"家庭存储","product-家庭存储-home-storage","华为家庭存储 产品档案","01_参数与卖点_KB/家庭存储/home-storage_华为家庭存储.md","10086111180187","3001070001001","10086111180187+3001070001001","https://www.vmall.com/product/comdetail/index.html?prdId=10086111180187&sbomCode=3001070001001"
"路由","product-路由-ax1","华为路由 AX1 产品档案","01_参数与卖点_KB/路由/ax1_华为路由 AX1.md","10086848002753","3001010061501","10086848002753+3001010061501","https://www.vmall.com/product/comdetail/index.html?prdId=10086848002753&sbomCode=3001010061501"
"路由","product-路由-ax2-pro","华为路由 AX2 Pro 产品档案","01_参数与卖点_KB/路由/ax2-pro_华为路由 AX2 Pro.md","10086131745276","3001010032701","10086131745276+3001010032701","https://www.vmall.com/product/comdetail/index.html?prdId=10086131745276&sbomCode=3001010032701"
"路由","product-路由-ax3","华为路由 AX3 产品档案","01_参数与卖点_KB/路由/ax3_华为路由 AX3.md","10086005889863","3001010063201","10086005889863+3001010063201","https://www.vmall.com/product/comdetail/index.html?prdId=10086005889863&sbomCode=3001010063201"
"路由","product-路由-ax3-pro-enjoy","华为路由 AX3 Pro 悦享版 产品档案","01_参数与卖点_KB/路由/ax3-pro-enjoy_华为路由 AX3 Pro 悦享版.md","10086199300779","3001010071301","10086199300779+3001010071301","https://www.vmall.com/product/comdetail/index.html?prdId=10086199300779&sbomCode=3001010071301"
"路由","product-路由-ax6-new","华为路由 AX6 new 产品档案","01_参数与卖点_KB/路由/ax6-new_华为路由 AX6 new.md","10086520432717","3001010053207","10086520432717+3001010053207","https://www.vmall.com/product/comdetail/index.html?prdId=10086520432717&sbomCode=3001010053207"
"路由","product-路由-ax6-pro","华为路由 AX6 Pro 产品档案","01_参数与卖点_KB/路由/ax6-pro_华为路由 AX6 Pro.md","10086890975880","3001010054401","10086890975880+3001010054401","https://www.vmall.com/product/comdetail/index.html?prdId=10086890975880&sbomCode=3001010054401"
"路由","product-路由-be3-pro-plus","华为路由 BE3 Pro+ 产品档案","01_参数与卖点_KB/路由/be3-pro-plus_华为路由 BE3 Pro+.md","10086510801528","3001010064901","10086510801528+3001010064901","https://www.vmall.com/product/comdetail/index.html?prdId=10086510801528&sbomCode=3001010064901"
"路由","product-路由-be3-pro-thunder","华为路由 BE3 Pro 雷电版 产品档案","01_参数与卖点_KB/路由/be3-pro-thunder_华为路由 BE3 Pro 雷电版.md","10086392666847","3001010069601","10086392666847+3001010069601","https://www.vmall.com/product/comdetail/index.html?prdId=10086392666847&sbomCode=3001010069601"
"路由","product-路由-be3-pro-wind","华为路由 BE3 Pro 疾风版 产品档案","01_参数与卖点_KB/路由/be3-pro-wind_华为路由 BE3 Pro 疾风版.md","10086503992476","3001010063401","10086503992476+3001010063401","https://www.vmall.com/product/comdetail/index.html?prdId=10086503992476&sbomCode=3001010063401"
"路由","product-路由-be7","华为路由 BE7 产品档案","01_参数与卖点_KB/路由/be7_华为路由 BE7.md","10086129226451","3001010055601","10086129226451+3001010055601","https://www.vmall.com/product/comdetail/index.html?prdId=10086129226451&sbomCode=3001010055601"
"路由","product-路由-be7-pro","华为路由 BE7 Pro 产品档案","01_参数与卖点_KB/路由/be7-pro_华为路由 BE7 Pro.md","10086892561499","3001010068901","10086892561499+3001010068901","https://www.vmall.com/product/comdetail/index.html?prdId=10086892561499&sbomCode=3001010068901"
"路由","product-路由-mobile-router-2","华为移动路由 2 产品档案","01_参数与卖点_KB/路由/mobile-router-2_华为移动路由 2.md","10086968106111","3001030012301","10086968106111+3001030012301","https://www.vmall.com/product/comdetail/index.html?prdId=10086968106111&sbomCode=3001030012301"
"路由","product-路由-mobile-router-5","华为移动路由 5 产品档案","01_参数与卖点_KB/路由/mobile-router-5_华为移动路由 5.md","10086918438323","3001030014801","10086918438323+3001030014801","https://www.vmall.com/product/comdetail/index.html?prdId=10086918438323&sbomCode=3001030014801"
"路由","product-路由-mobile-router-pro","华为移动路由 Pro 产品档案","01_参数与卖点_KB/路由/mobile-router-pro_华为移动路由 Pro.md","10086545494490","6401010000207","10086545494490+6401010000207","https://www.vmall.com/product/comdetail/index.html?prdId=10086545494490&sbomCode=6401010000207"
"路由","product-路由-mobile-wifi-3-pro","华为随行 WiFi 3 Pro 产品档案","01_参数与卖点_KB/路由/mobile-wifi-3-pro_华为随行 WiFi 3 Pro.md","10086124420034","3001030010501","10086124420034+3001030010501","https://www.vmall.com/product/comdetail/index.html?prdId=10086124420034&sbomCode=3001030010501"
"路由","product-路由-mobile-wifi-5","华为随行 WiFi 5 产品档案","01_参数与卖点_KB/路由/mobile-wifi-5_华为随行 WiFi 5.md","10086265207992","3001030013001","10086265207992+3001030013001","https://www.vmall.com/product/comdetail/index.html?prdId=10086265207992&sbomCode=3001030013001"
"路由","product-路由-mobile-wifi-x","华为随行 WiFi X 产品档案","01_参数与卖点_KB/路由/mobile-wifi-x_华为随行 WiFi X.md","10086749308221","3001030015201","10086749308221+3001030015201","https://www.vmall.com/product/comdetail/index.html?prdId=10086749308221&sbomCode=3001030015201"
"路由","product-路由-q6","华为凌霄子母路由 Q6 产品档案","01_参数与卖点_KB/路由/q6_华为凌霄子母路由 Q6.md","10086762283123","3001010048301","10086762283123+3001010048301","https://www.vmall.com/product/comdetail/index.html?prdId=10086762283123&sbomCode=3001010048301"
"路由","product-路由-q6e","华为凌霄子母路由 Q6E 产品档案","01_参数与卖点_KB/路由/q6e_华为凌霄子母路由 Q6E.md","10086893184438","3001010050001","10086893184438+3001010050001","https://www.vmall.com/product/comdetail/index.html?prdId=10086893184438&sbomCode=3001010050001"
"路由","product-路由-q6-ethernet-enjoy","华为凌霄子母路由 Q6 网线版 优享版 产品档案","01_参数与卖点_KB/路由/q6-ethernet-enjoy_华为凌霄子母路由 Q6 网线版 优享版.md","10086884731247","3001010065001","10086884731247+3001010065001","https://www.vmall.com/product/comdetail/index.html?prdId=10086884731247&sbomCode=3001010065001"
"路由","product-路由-q7-ethernet","华为凌霄子母路由 Q7 网线版 产品档案","01_参数与卖点_KB/路由/q7-ethernet_华为凌霄子母路由 Q7 网线版.md","10086988437322","3001010056601","10086988437322+3001010056601","https://www.vmall.com/product/comdetail/index.html?prdId=10086988437322&sbomCode=3001010056601"
"路由","product-路由-q7-powerline","华为凌霄子母路由 Q7 电线版 产品档案","01_参数与卖点_KB/路由/q7-powerline_华为凌霄子母路由 Q7 电线版.md","10086832972917","3001010071001","10086832972917+3001010071001","https://www.vmall.com/product/comdetail/index.html?prdId=10086832972917&sbomCode=3001010071001"
"路由","product-路由-x1","华为路由 X1 产品档案","01_参数与卖点_KB/路由/x1_华为路由 X1.md","10086662028959","3001010064401","10086662028959+3001010064401","https://www.vmall.com/product/comdetail/index.html?prdId=10086662028959&sbomCode=3001010064401"
"路由","product-路由-x1-pro","华为路由 X1 Pro 产品档案","01_参数与卖点_KB/路由/x1-pro_华为路由 X1 Pro.md","10086798054007","3001010062402","10086798054007+3001010062402","https://www.vmall.com/product/comdetail/index.html?prdId=10086798054007&sbomCode=3001010062402"
"路由","product-路由-x1-pro-gaming","华为路由 X1 Pro 电竞涂装版 产品档案","01_参数与卖点_KB/路由/x1-pro-gaming_华为路由 X1 Pro 电竞涂装版.md","10086097701208","3001010071101","10086097701208+3001010071101","https://www.vmall.com/product/comdetail/index.html?prdId=10086097701208&sbomCode=3001010071101"
"路由","product-路由-x3-pro","华为路由 X3 Pro 日照金山 产品档案","01_参数与卖点_KB/路由/x3-pro_华为路由 X3 Pro 日照金山.md","10086399832361","3001010066302","10086399832361+3001010066302","https://www.vmall.com/product/comdetail/index.html?prdId=10086399832361&sbomCode=3001010066302"
"平板","product-10086106814226","HUAWEI MatePad Pro 12.2 英寸 参数与卖点","01_参数与卖点_KB/平板/10086106814226_HUAWEI_MatePad_Pro_12.2_英寸.md","10086106814226","2701010122029","10086106814226+2701010122029","https://www.vmall.com/product/comdetail/index.html?prdId=10086106814226&sbomCode=2701010122029"
"平板","product-10086120212240","HUAWEI MatePad Pro 13.2 英寸 参数与卖点","01_参数与卖点_KB/平板/10086120212240_HUAWEI_MatePad_Pro_13.2_英寸.md","10086120212240","2701010110410","10086120212240+2701010110410","https://www.vmall.com/product/comdetail/index.html?prdId=10086120212240&sbomCode=2701010110410"
"平板","product-10086127502687","HUAWEI MatePad Pro Max 参数与卖点","01_参数与卖点_KB/平板/10086127502687_HUAWEI_MatePad_Pro_Max.md","10086127502687","2701010130502","10086127502687+2701010130502","https://www.vmall.com/product/comdetail/index.html?prdId=10086127502687&sbomCode=2701010130502"
"平板","product-10086287244006","HUAWEI MatePad Mini 参数与卖点","01_参数与卖点_KB/平板/10086287244006_HUAWEI_MatePad_Mini.md","10086287244006","2701010123211","10086287244006+2701010123211","https://www.vmall.com/product/comdetail/index.html?prdId=10086287244006&sbomCode=2701010123211"
"平板","product-10086294960453","HUAWEI MatePad 11.5 参数与卖点","01_参数与卖点_KB/平板/10086294960453_HUAWEI_MatePad_11.5.md","10086294960453","2701010127904","10086294960453+2701010127904","https://www.vmall.com/product/comdetail/index.html?prdId=10086294960453&sbomCode=2701010127904"
"平板","product-10086426290126","HUAWEI MatePad SE 11英寸 焕新版 参数与卖点","01_参数与卖点_KB/平板/10086426290126_HUAWEI_MatePad_SE_11英寸_焕新版.md","10086426290126","2701010132701","10086426290126+2701010132701","https://www.vmall.com/product/comdetail/index.html?prdId=10086426290126&sbomCode=2701010132701"
"平板","product-10086486839777","HUAWEI MatePad Air 12英寸 鸿蒙焕新版 参数与卖点","01_参数与卖点_KB/平板/10086486839777_HUAWEI_MatePad_Air_12英寸_鸿蒙焕新版.md","10086486839777","2701010131701","10086486839777+2701010131701","https://www.vmall.com/product/comdetail/index.html?prdId=10086486839777&sbomCode=2701010131701"
"平板","product-10086518319242","HUAWEI MatePad 11.5 S 参数与卖点","01_参数与卖点_KB/平板/10086518319242_HUAWEI_MatePad_11.5_S.md","10086518319242","2701010122623","10086518319242+2701010122623","https://www.vmall.com/product/comdetail/index.html?prdId=10086518319242&sbomCode=2701010122623"
"平板","product-10086590821009","HUAWEI MatePad Edge 参数与卖点","01_参数与卖点_KB/平板/10086590821009_HUAWEI_MatePad_Edge.md","10086590821009","2701010126301","10086590821009+2701010126301","https://www.vmall.com/product/comdetail/index.html?prdId=10086590821009&sbomCode=2701010126301"
"平板","product-current-matepad-11-5-s-flex-2025","HUAWEI MatePad 11.5 S 灵动款 鸿蒙焕新版 参数与卖点","01_参数与卖点_KB/平板/current_HUAWEI_MatePad_11.5_S_灵动款_鸿蒙焕新版.md","10086693978514","2701010131801","10086693978514+2701010131801","https://www.vmall.com/product/comdetail/index.html?prdId=10086693978514&sbomCode=2701010131801"
"平板","product-current-matepad-11-5-2026","HUAWEI MatePad 11.5 鸿蒙焕新版 参数与卖点","01_参数与卖点_KB/平板/current_HUAWEI_MatePad_11.5_鸿蒙焕新版.md","10086070683245","2701010132601","10086070683245+2701010132601","https://www.vmall.com/product/comdetail/index.html?prdId=10086070683245&sbomCode=2701010132601"
"手机","product-10086061975812","HUAWEI Pura X 参数与卖点","01_参数与卖点_KB/手机/10086061975812_HUAWEI_Pura_X.md","10086061975812","2601010554316","10086061975812+2601010554316","https://www.vmall.com/product/comdetail/index.html?prdId=10086061975812&sbomCode=2601010554316"
"手机","product-10086133363559","HUAWEI Mate 80 参数与卖点","01_参数与卖点_KB/手机/10086133363559_HUAWEI_Mate_80.md","10086133363559","2601010586341","10086133363559+2601010586341","https://www.vmall.com/product/comdetail/index.html?prdId=10086133363559&sbomCode=2601010586341"
"手机","product-10086153236238","HUAWEI Pura 80 Pro+ 参数与卖点","01_参数与卖点_KB/手机/10086153236238_HUAWEI_Pura_80_Pro+.md","10086153236238","2601010565826","10086153236238+2601010565826","https://www.vmall.com/product/comdetail/index.html?prdId=10086153236238&sbomCode=2601010565826"
"手机","product-10086174757473","华为畅享 90 参数与卖点","01_参数与卖点_KB/手机/10086174757473_华为畅享_90.md","10086174757473","2601010613210","10086174757473+2601010613210","https://www.vmall.com/product/comdetail/index.html?prdId=10086174757473&sbomCode=2601010613210"
"手机","product-10086259366534","HUAWEI Mate 70 Pro 参数与卖点","01_参数与卖点_KB/手机/10086259366534_HUAWEI_Mate_70_Pro.md","10086259366534","2601010519577","10086259366534+2601010519577","https://www.vmall.com/product/comdetail/index.html?prdId=10086259366534&sbomCode=2601010519577"
"手机","product-10086270081540","华为畅享 90 Pro Max 参数与卖点","01_参数与卖点_KB/手机/10086270081540_华为畅享_90_Pro_Max.md","10086270081540","2601010611532","10086270081540+2601010611532","https://www.vmall.com/product/comdetail/index.html?prdId=10086270081540&sbomCode=2601010611532"
"手机","product-10086316355082","HUAWEI Pura 80 Pro 参数与卖点","01_参数与卖点_KB/手机/10086316355082_HUAWEI_Pura_80_Pro.md","10086316355082","2601010567338","10086316355082+2601010567338","https://www.vmall.com/product/comdetail/index.html?prdId=10086316355082&sbomCode=2601010567338"
"手机","product-10086364337052","HUAWEI Pura 80 参数与卖点","01_参数与卖点_KB/手机/10086364337052_HUAWEI_Pura_80.md","10086364337052","2601010577118","10086364337052+2601010577118","https://www.vmall.com/product/comdetail/index.html?prdId=10086364337052&sbomCode=2601010577118"
"手机","product-10086384239615","HUAWEI Mate 70 Air 参数与卖点","01_参数与卖点_KB/手机/10086384239615_HUAWEI_Mate_70_Air.md","10086384239615","2601010585502","10086384239615+2601010585502","https://www.vmall.com/product/comdetail/index.html?prdId=10086384239615&sbomCode=2601010585502"
"手机","product-10086454848882","HUAWEI Pura 90 Pro Max 参数与卖点","01_参数与卖点_KB/手机/10086454848882_HUAWEI_Pura_90_Pro_Max.md","10086454848882","2601010614324","10086454848882+2601010614324","https://www.vmall.com/product/comdetail/index.html?prdId=10086454848882&sbomCode=2601010614324"
"手机","product-10086476013098","HUAWEI Mate 80 Pro 参数与卖点","01_参数与卖点_KB/手机/10086476013098_HUAWEI_Mate_80_Pro.md","10086476013098","2601010586419","10086476013098+2601010586419","https://www.vmall.com/product/comdetail/index.html?prdId=10086476013098&sbomCode=2601010586419"
"手机","product-10086511284892","HUAWEI Mate 80 RS 非凡大师 参数与卖点","01_参数与卖点_KB/手机/10086511284892_HUAWEI_Mate_80_RS_非凡大师.md","10086511284892","2601010586609","10086511284892+2601010586609","https://www.vmall.com/product/comdetail/index.html?prdId=10086511284892&sbomCode=2601010586609"
"手机","product-10086524794571","nova 16 Ultra 参数与卖点","01_参数与卖点_KB/手机/10086524794571_nova_16_Ultra.md","10086524794571","2601010625710","10086524794571+2601010625710","https://www.vmall.com/product/comdetail/index.html?prdId=10086524794571&sbomCode=2601010625710"
"手机","product-10086621059876","HUAWEI Pura X Max 参数与卖点","01_参数与卖点_KB/手机/10086621059876_HUAWEI_Pura_X_Max.md","10086621059876","2601010615022","10086621059876+2601010615022","https://www.vmall.com/product/comdetail/index.html?prdId=10086621059876&sbomCode=2601010615022"
"手机","product-10086658434293","nova 16z 参数与卖点","01_参数与卖点_KB/手机/10086658434293_nova_16z.md","10086658434293","2601010626009","10086658434293+2601010626009","https://www.vmall.com/product/comdetail/index.html?prdId=10086658434293&sbomCode=2601010626009"
"手机","product-10086724171251","HUAWEI Mate 80 Pro Max 参数与卖点","01_参数与卖点_KB/手机/10086724171251_HUAWEI_Mate_80_Pro_Max.md","10086724171251","2601010586509","10086724171251+2601010586509","https://www.vmall.com/product/comdetail/index.html?prdId=10086724171251&sbomCode=2601010586509"
"手机","product-10086754422315","HUAWEI Mate XTs 非凡大师 参数与卖点","01_参数与卖点_KB/手机/10086754422315_HUAWEI_Mate_XTs_非凡大师.md","10086754422315","2601010580042","10086754422315+2601010580042","https://www.vmall.com/product/comdetail/index.html?prdId=10086754422315&sbomCode=2601010580042"
"手机","product-10086838189168","HUAWEI Mate X7 参数与卖点","01_参数与卖点_KB/手机/10086838189168_HUAWEI_Mate_X7.md","10086838189168","2601010588024","10086838189168+2601010588024","https://www.vmall.com/product/comdetail/index.html?prdId=10086838189168&sbomCode=2601010588024"
"手机","product-10086839537149","HUAWEI Pura 80 Ultra 参数与卖点","01_参数与卖点_KB/手机/10086839537149_HUAWEI_Pura_80_Ultra.md","10086839537149","2601010567412","10086839537149+2601010567412","https://www.vmall.com/product/comdetail/index.html?prdId=10086839537149&sbomCode=2601010567412"
"手机","product-10086843224230","HUAWEI Mate X6 参数与卖点","01_参数与卖点_KB/手机/10086843224230_HUAWEI_Mate_X6.md","10086843224230","2601010515321","10086843224230+2601010515321","https://www.vmall.com/product/comdetail/index.html?prdId=10086843224230&sbomCode=2601010515321"
"手机","product-10086850799769","nova 16 参数与卖点","01_参数与卖点_KB/手机/10086850799769_nova_16.md","10086850799769","2601010625916","10086850799769+2601010625916","https://www.vmall.com/product/comdetail/index.html?prdId=10086850799769&sbomCode=2601010625916"
"手机","product-10086866372688","HUAWEI Pura 90 Pro 参数与卖点","01_参数与卖点_KB/手机/10086866372688_HUAWEI_Pura_90_Pro.md","10086866372688","2601010614420","10086866372688+2601010614420","https://www.vmall.com/product/comdetail/index.html?prdId=10086866372688&sbomCode=2601010614420"
"手机","product-10086898360689","HUAWEI Mate 70 Pro 优享版 参数与卖点","01_参数与卖点_KB/手机/10086898360689_HUAWEI_Mate_70_Pro_优享版.md","10086898360689","2601010546810","10086898360689+2601010546810","https://www.vmall.com/product/comdetail/index.html?prdId=10086898360689&sbomCode=2601010546810"
"手机","product-10086941643085","nova 16 Pro 参数与卖点","01_参数与卖点_KB/手机/10086941643085_nova_16_Pro.md","10086941643085","2601010625815","10086941643085+2601010625815","https://www.vmall.com/product/comdetail/index.html?prdId=10086941643085&sbomCode=2601010625815"
"手机","product-10086981094378","HUAWEI Mate 80 Pro Max 风驰版 参数与卖点","01_参数与卖点_KB/手机/10086981094378_HUAWEI_Mate_80_Pro_Max_风驰版.md","10086981094378","2601010612503","10086981094378+2601010612503","https://www.vmall.com/product/comdetail/index.html?prdId=10086981094378&sbomCode=2601010612503"
"手机","product-10086989076790","HUAWEI Mate 70 Pro+ 参数与卖点","01_参数与卖点_KB/手机/10086989076790_HUAWEI_Mate_70_Pro+.md","10086989076790","2601010515133","10086989076790+2601010515133","https://www.vmall.com/product/comdetail/index.html?prdId=10086989076790&sbomCode=2601010515133"
"手机","product-current-pura-90","HUAWEI Pura 90 参数与卖点","01_参数与卖点_KB/手机/current_HUAWEI_Pura_90.md","10086412214615","2601010620702","10086412214615+2601010620702","https://www.vmall.com/product/comdetail/index.html?prdId=10086412214615&sbomCode=2601010620702"
"手机","product-current-changxiang-90-plus","华为畅享 90 Plus 参数与卖点","01_参数与卖点_KB/手机/current_华为畅享_90_Plus.md","10086756705081","2601010611610","10086756705081+2601010611610","https://www.vmall.com/product/comdetail/index.html?prdId=10086756705081&sbomCode=2601010611610"
"音箱","product-音箱-ai-speaker-2e-home","华为AI音箱 2e 全屋版 产品档案","01_参数与卖点_KB/音箱/ai-speaker-2e-home_华为AI音箱 2e 全屋版.md","10086122913106","3102060025701","10086122913106+3102060025701","https://www.vmall.com/product/comdetail/index.html?prdId=10086122913106&sbomCode=3102060025701"
"音箱","product-音箱-home-theater","华为悦彰家庭影院 产品档案","01_参数与卖点_KB/音箱/home-theater_华为悦彰家庭影院.md","10086814710103","3102060024003","10086814710103+3102060024003","https://www.vmall.com/product/comdetail/index.html?prdId=10086814710103&sbomCode=3102060024003"
"音箱","product-音箱-sound-joy-2","HUAWEI Sound Joy 2 产品档案","01_参数与卖点_KB/音箱/sound-joy-2_HUAWEI Sound Joy 2.md","10086283855352","3102060019504","10086283855352+3102060019504","https://www.vmall.com/product/comdetail/index.html?prdId=10086283855352&sbomCode=3102060019504"
"音箱","product-音箱-sound-x4","HUAWEI Sound X4 产品档案","01_参数与卖点_KB/音箱/sound-x4_HUAWEI Sound X4.md","10086921998890","3102060019902","10086921998890+3102060019902","https://www.vmall.com/product/comdetail/index.html?prdId=10086921998890&sbomCode=3102060019902"
"音箱","product-音箱-sound-x5","HUAWEI Sound X5 产品档案","01_参数与卖点_KB/音箱/sound-x5_HUAWEI Sound X5.md","10086679107439","3102060025003","10086679107439+3102060025003","https://www.vmall.com/product/comdetail/index.html?prdId=10086679107439&sbomCode=3102060025003"
"音箱","product-音箱-sound-x-gold-theater","HUAWEI Sound X 鎏金剧院版 产品档案","01_参数与卖点_KB/音箱/sound-x-gold-theater_HUAWEI Sound X 鎏金剧院版.md","10086187342516","3001080007004","10086187342516+3001080007004","https://www.vmall.com/product/comdetail/index.html?prdId=10086187342516&sbomCode=3001080007004"
"智慧屏","product-智慧屏-matetv","华为智慧屏 MateTV 产品档案","01_参数与卖点_KB/智慧屏/matetv_华为智慧屏 MateTV.md","10086657811726","3301010086901","10086657811726+3301010086901","https://www.vmall.com/product/comdetail/index.html?prdId=10086657811726&sbomCode=3301010086901"
"智慧屏","product-智慧屏-matetv-max","华为智慧屏 MateTV Max 产品档案","01_参数与卖点_KB/智慧屏/matetv-max_华为智慧屏 MateTV Max.md","10086707541272","3301010094501","10086707541272+3301010094501","https://www.vmall.com/product/comdetail/index.html?prdId=10086707541272&sbomCode=3301010094501"
"智慧屏","product-智慧屏-matetv-pro","华为智慧屏 MateTV Pro 产品档案","01_参数与卖点_KB/智慧屏/matetv-pro_华为智慧屏 MateTV Pro.md","10086849891491","3301010087001","10086849891491+3301010087001","https://www.vmall.com/product/comdetail/index.html?prdId=10086849891491&sbomCode=3301010087001"
"智慧屏","product-智慧屏-s6-pro","华为智慧屏 S6 Pro 产品档案","01_参数与卖点_KB/智慧屏/s6-pro_华为智慧屏 S6 Pro.md","10086840372981","3301010077201","10086840372981+3301010077201","https://www.vmall.com/product/comdetail/index.html?prdId=10086840372981&sbomCode=3301010077201"
"智慧屏","product-智慧屏-s7","华为智慧屏 S7 产品档案","01_参数与卖点_KB/智慧屏/s7_华为智慧屏 S7.md","10086854861507","3301010099001","10086854861507+3301010099001","https://www.vmall.com/product/comdetail/index.html?prdId=10086854861507&sbomCode=3301010099001"
"智慧屏","product-智慧屏-s7-pro","华为智慧屏 S7 Pro 产品档案","01_参数与卖点_KB/智慧屏/s7-pro_华为智慧屏 S7 Pro.md","10086052632479","3301010097601","10086052632479+3301010097601","https://www.vmall.com/product/comdetail/index.html?prdId=10086052632479&sbomCode=3301010097601"
"智慧屏","product-智慧屏-s7x-pro","华为智慧屏 S7X Pro 产品档案","01_参数与卖点_KB/智慧屏/s7x-pro_华为智慧屏 S7X Pro.md","10086099629920","3301010101201","10086099629920+3301010101201","https://www.vmall.com/product/comdetail/index.html?prdId=10086099629920&sbomCode=3301010101201"
"智慧屏","product-智慧屏-se43","华为智慧屏 SE43 产品档案","01_参数与卖点_KB/智慧屏/se43_华为智慧屏 SE43.md","10086267188026","3301010018012","10086267188026+3301010018012","https://www.vmall.com/product/comdetail/index.html?prdId=10086267188026&sbomCode=3301010018012"
"智慧屏","product-智慧屏-v6","华为智慧屏 V6 产品档案","01_参数与卖点_KB/智慧屏/v6_华为智慧屏 V6.md","10086311892852","3301010094601","10086311892852+3301010094601","https://www.vmall.com/product/comdetail/index.html?prdId=10086311892852&sbomCode=3301010094601"
"智慧屏","product-智慧屏-vision-4-new","华为Vision智慧屏 4 New 产品档案","01_参数与卖点_KB/智慧屏/vision-4-new_华为Vision智慧屏 4 New.md","10086373006939","3301010071401","10086373006939+3301010071401","https://www.vmall.com/product/comdetail/index.html?prdId=10086373006939&sbomCode=3301010071401"
"智慧屏","product-智慧屏-vision-5","华为Vision智慧屏 5 产品档案","01_参数与卖点_KB/智慧屏/vision-5_华为Vision智慧屏 5.md","10086353266660","3301010078001","10086353266660+3301010078001","https://www.vmall.com/product/comdetail/index.html?prdId=10086353266660&sbomCode=3301010078001"
"智慧屏","product-智慧屏-vision-5-pro","华为Vision智慧屏 5 Pro 产品档案","01_参数与卖点_KB/智慧屏/vision-5-pro_华为Vision智慧屏 5 Pro.md","10086441674439","3301010086501","10086441674439+3301010086501","https://www.vmall.com/product/comdetail/index.html?prdId=10086441674439&sbomCode=3301010086501"
"智慧屏","product-智慧屏-vision-5-se","华为Vision智慧屏 5 SE 产品档案","01_参数与卖点_KB/智慧屏/vision-5-se_华为Vision智慧屏 5 SE.md","10086708493256","3301010079601","10086708493256+3301010079601","https://www.vmall.com/product/comdetail/index.html?prdId=10086708493256&sbomCode=3301010079601"
"智慧屏","product-智慧屏-vision-5-se-enjoy","华为Vision智慧屏 5 SE 优享版 产品档案","01_参数与卖点_KB/智慧屏/vision-5-se-enjoy_华为Vision智慧屏 5 SE 优享版.md","10086102754989","3301010089501","10086102754989+3301010089501","https://www.vmall.com/product/comdetail/index.html?prdId=10086102754989&sbomCode=3301010089501"
"智慧屏","product-智慧屏-vision-6","华为Vision智慧屏 6 产品档案","01_参数与卖点_KB/智慧屏/vision-6_华为Vision智慧屏 6.md","10086077897388","3301010094701","10086077897388+3301010094701","https://www.vmall.com/product/comdetail/index.html?prdId=10086077897388&sbomCode=3301010094701"
"智慧屏","product-智慧屏-vision-6-pro","华为Vision智慧屏 6 Pro 产品档案","01_参数与卖点_KB/智慧屏/vision-6-pro_华为Vision智慧屏 6 Pro.md","10086252930264","3301010099301","10086252930264+3301010099301","https://www.vmall.com/product/comdetail/index.html?prdId=10086252930264&sbomCode=3301010099301"
"智慧屏","product-智慧屏-vision-6-se","华为Vision智慧屏 6 SE 产品档案","01_参数与卖点_KB/智慧屏/vision-6-se_华为Vision智慧屏 6 SE.md","10086896314296","3301010094801","10086896314296+3301010094801","https://www.vmall.com/product/comdetail/index.html?prdId=10086896314296&sbomCode=3301010094801"
"智慧屏","product-智慧屏-vision-6-se-rgb","华为Vision智慧屏 6 SE RGB 产品档案","01_参数与卖点_KB/智慧屏/vision-6-se-rgb_华为Vision智慧屏 6 SE RGB.md","10086527193789","3301010102301","10086527193789+3301010102301","https://www.vmall.com/product/comdetail/index.html?prdId=10086527193789&sbomCode=3301010102301"
"智能门锁","product-智能门锁-lock-2","华为智能门锁 2 产品档案","01_参数与卖点_KB/智能门锁/lock-2_华为智能门锁 2.md","10086315902518","4405010024101","10086315902518+4405010024101","https://www.vmall.com/product/comdetail/index.html?prdId=10086315902518&sbomCode=4405010024101"
"智能门锁","product-智能门锁-lock-2-enjoy","华为智能门锁 2 悦享版 产品档案","01_参数与卖点_KB/智能门锁/lock-2-enjoy_华为智能门锁 2 悦享版.md","10086663314886","4405010025501","10086663314886+4405010025501","https://www.vmall.com/product/comdetail/index.html?prdId=10086663314886&sbomCode=4405010025501"
"智能门锁","product-智能门锁-lock-2-premium","华为智能门锁 2 尊享版 产品档案","01_参数与卖点_KB/智能门锁/lock-2-premium_华为智能门锁 2 尊享版.md","10086194440412","4405010028901","10086194440412+4405010028901","https://www.vmall.com/product/comdetail/index.html?prdId=10086194440412&sbomCode=4405010028901"
"智能门锁","product-智能门锁-lock-2-pro","华为智能门锁 2 Pro 产品档案","01_参数与卖点_KB/智能门锁/lock-2-pro_华为智能门锁 2 Pro.md","10086098826302","4405010024201","10086098826302+4405010024201","https://www.vmall.com/product/comdetail/index.html?prdId=10086098826302&sbomCode=4405010024201"
"智能门锁","product-智能门锁-lock-2-ultra","华为智能门锁 2 Ultra 产品档案","01_参数与卖点_KB/智能门锁/lock-2-ultra_华为智能门锁 2 Ultra.md","10086184710130","4405010024301","10086184710130+4405010024301","https://www.vmall.com/product/comdetail/index.html?prdId=10086184710130&sbomCode=4405010024301"
"智能门锁","product-智能门锁-lock-m2","华为智能门锁 M2 产品档案","01_参数与卖点_KB/智能门锁/lock-m2_华为智能门锁 M2.md","10086478848011","4405010029201","10086478848011+4405010029201","https://www.vmall.com/product/comdetail/index.html?prdId=10086478848011&sbomCode=4405010029201"
"智能门锁","product-智能门锁-lock-x1","华为智能门锁 X1 产品档案","01_参数与卖点_KB/智能门锁/lock-x1_华为智能门锁 X1.md","10086825479546","4405010027402","10086825479546+4405010027402","https://www.vmall.com/product/comdetail/index.html?prdId=10086825479546&sbomCode=4405010027402"
"智能眼镜","product-智能眼镜-ai-glasses","华为 AI 眼镜 产品档案","01_参数与卖点_KB/智能眼镜/ai-glasses_华为 AI 眼镜.md","10086316021639","3102180011101","10086316021639+3102180011101","https://www.vmall.com/product/comdetail/index.html?prdId=10086316021639&sbomCode=3102180011101"
"智能眼镜","product-智能眼镜-smart-glasses-2","华为智能眼镜 2 产品档案","01_参数与卖点_KB/智能眼镜/smart-glasses-2_华为智能眼镜 2.md","10086533095852","3102180007605","10086533095852+3102180007605","https://www.vmall.com/product/comdetail/index.html?prdId=10086533095852&sbomCode=3102180007605"
"主要配件","product-主要配件-adapter-140w","华为超级快充电源适配器（Max 140 W） 产品档案","01_参数与卖点_KB/主要配件/adapter-140w_华为超级快充电源适配器（Max 140 W）.md","10086825800605","3102020059501","10086825800605+3102020059501","https://www.vmall.com/product/comdetail/index.html?prdId=10086825800605&sbomCode=3102020059501"
"主要配件","product-主要配件-cable-6a-a-c","华为 6A 数据线 USB-A 转 USB-C 产品档案","01_参数与卖点_KB/主要配件/cable-6a-a-c_华为 6A 数据线 USB-A 转 USB-C.md","10086393994098","3102030014001","10086393994098+3102030014001","https://www.vmall.com/product/comdetail/index.html?prdId=10086393994098&sbomCode=3102030014001"
"主要配件","product-主要配件-cable-6a-c-c","华为 6A 数据线 USB-C 转 USB-C 产品档案","01_参数与卖点_KB/主要配件/cable-6a-c-c_华为 6A 数据线 USB-C 转 USB-C.md","10086739052336","3102030017405","10086739052336+3102030017405","https://www.vmall.com/product/comdetail/index.html?prdId=10086739052336&sbomCode=3102030017405"
"主要配件","product-主要配件-charger-40w","华为超级快充充电器（Max 40 W） 产品档案","01_参数与卖点_KB/主要配件/charger-40w_华为超级快充充电器（Max 40 W）.md","10086822159053","3102020071401","10086822159053+3102020071401","https://www.vmall.com/product/comdetail/index.html?prdId=10086822159053&sbomCode=3102020071401"
"主要配件","product-主要配件-charger-ice-100w","华为冰糖全能充电器（Max 100 W） 产品档案","01_参数与卖点_KB/主要配件/charger-ice-100w_华为冰糖全能充电器（Max 100 W）.md","10086826276433","3102020067006","10086826276433+3102020067006","https://www.vmall.com/product/comdetail/index.html?prdId=10086826276433&sbomCode=3102020067006"
"主要配件","product-主要配件-charger-ice-66w","华为冰糖全能充电器（Max 66 W） 产品档案","01_参数与卖点_KB/主要配件/charger-ice-66w_华为冰糖全能充电器（Max 66 W）.md","10086506294533","3102020066502","10086506294533+3102020066502","https://www.vmall.com/product/comdetail/index.html?prdId=10086506294533&sbomCode=3102020066502"
"主要配件","product-主要配件-charger-multiport-100w","华为全能充多口充电器（Max 100 W） 产品档案","01_参数与卖点_KB/主要配件/charger-multiport-100w_华为全能充多口充电器（Max 100 W）.md","10086826293656","3102020059201","10086826293656+3102020059201","https://www.vmall.com/product/comdetail/index.html?prdId=10086826293656&sbomCode=3102020059201"
"主要配件","product-主要配件-charger-multiport-100w-premium","华为全能充多口充电器（Max 100 W）黑色 尊享版 产品档案","01_参数与卖点_KB/主要配件/charger-multiport-100w-premium_华为全能充多口充电器（Max 100 W）黑色 尊享版.md","10086400057044","3102020070501","10086400057044+3102020070501","https://www.vmall.com/product/comdetail/index.html?prdId=10086400057044&sbomCode=3102020070501"
"主要配件","product-主要配件-magnetic-powerbank","华为全能充磁吸移动电源 产品档案","01_参数与卖点_KB/主要配件/magnetic-powerbank_华为全能充磁吸移动电源.md","10086225014224","3102010027101","10086225014224+3102010027101","https://www.vmall.com/product/comdetail/index.html?prdId=10086225014224&sbomCode=3102010027101"
"主要配件","product-主要配件-mate80-leather-case","Mate 80/Mate 80 Pro 素皮保护壳 产品档案","01_参数与卖点_KB/主要配件/mate80-leather-case_Mate 80_Mate 80 Pro 素皮保护壳.md","10086849542848","3103010103904","10086849542848+3103010103904","https://www.vmall.com/product/comdetail/index.html?prdId=10086849542848&sbomCode=3103010103904"
"主要配件","product-主要配件-matex7-rotating-case","Mate X7 旋转支架保护壳 产品档案","01_参数与卖点_KB/主要配件/matex7-rotating-case_Mate X7 旋转支架保护壳.md","10086442319937","3103010104402","10086442319937+3103010104402","https://www.vmall.com/product/comdetail/index.html?prdId=10086442319937&sbomCode=3103010104402"
"主要配件","product-主要配件-m-pen-3-mini","M-Pen 3 Mini 多功能笔 产品档案","01_参数与卖点_KB/主要配件/m-pen-3-mini_M-Pen 3 Mini 多功能笔.md","10086270785193","3104230013802","10086270785193+3104230013802","https://www.vmall.com/product/comdetail/index.html?prdId=10086270785193&sbomCode=3104230013802"
"主要配件","product-主要配件-m-pencil-3-set","M-Pencil（第三代）平板创作笔套装 产品档案","01_参数与卖点_KB/主要配件/m-pencil-3-set_M-Pencil（第三代）平板创作笔套装.md","10086167840443","3105030004201","10086167840443+3105030004201","https://www.vmall.com/product/comdetail/index.html?prdId=10086167840443&sbomCode=3105030004201"
"主要配件","product-主要配件-m-pencil-pro","M-Pencil Pro 平板创作笔 产品档案","01_参数与卖点_KB/主要配件/m-pencil-pro_M-Pencil Pro 平板创作笔.md","10086149128760","3105030006601","10086149128760+3105030006601","https://www.vmall.com/product/comdetail/index.html?prdId=10086149128760&sbomCode=3105030006601"
"主要配件","product-主要配件-powerbank-100w-12000","华为自带线全能充移动电源（100 W 12000） 产品档案","01_参数与卖点_KB/主要配件/powerbank-100w-12000_华为自带线全能充移动电源（100 W 12000）.md","10086008427264","3102010029903","10086008427264+3102010029903","https://www.vmall.com/product/comdetail/index.html?prdId=10086008427264&sbomCode=3102010029903"
"主要配件","product-主要配件-powerbank-22w5-se","华为多协议超级快充移动电源 10000 mAh（Max 22.5W SE） 产品档案","01_参数与卖点_KB/主要配件/powerbank-22w5-se_华为多协议超级快充移动电源 10000 mAh（Max 22.5W SE）.md","10086554072805","3102010021102","10086554072805+3102010021102","https://www.vmall.com/product/comdetail/index.html?prdId=10086554072805&sbomCode=3102010021102"
"主要配件","product-主要配件-powerbank-66w-12000","华为自带线全能充移动电源（66 W 12000） 产品档案","01_参数与卖点_KB/主要配件/powerbank-66w-12000_华为自带线全能充移动电源（66 W 12000）.md","10086100136965","3102010030701","10086100136965+3102010030701","https://www.vmall.com/product/comdetail/index.html?prdId=10086100136965&sbomCode=3102010030701"
"主要配件","product-主要配件-watch-gt6-pro-strap","WATCH GT 6 Pro 表带 产品档案","01_参数与卖点_KB/主要配件/watch-gt6-pro-strap_WATCH GT 6 Pro 表带.md","10086422365319","3101040025703","10086422365319+3101040025703","https://www.vmall.com/product/comdetail/index.html?prdId=10086422365319&sbomCode=3101040025703"
"主要配件","product-主要配件-wireless-charger-80w","华为超级快充立式无线充电器（Max 80 W） 产品档案","01_参数与卖点_KB/主要配件/wireless-charger-80w_华为超级快充立式无线充电器（Max 80 W）.md","10086257136521","3102020057306","10086257136521+3102020057306","https://www.vmall.com/product/comdetail/index.html?prdId=10086257136521&sbomCode=3102020057306"
"主要配件","product-主要配件-woven-cable-120w","华为编织数据线（Max 120 W） 产品档案","01_参数与卖点_KB/主要配件/woven-cable-120w_华为编织数据线（Max 120 W）.md","10086875293502","3102030030601","10086875293502+3102030030601","https://www.vmall.com/product/comdetail/index.html?prdId=10086875293502&sbomCode=3102030030601"
