doc_id,intent_node,title,source_type,source_urls,path
product-10086106814226,参数与卖点 KB,HUAWEI MatePad Pro 12.2 英寸 参数与卖点,official_product_page,https://www.vmall.com/product/comdetail/index.html?prdId=10086106814226&sbomCode=2701010122029,01_参数与卖点_KB/平板/10086106814226_HUAWEI_MatePad_Pro_12.2_英寸.md
product-10086120212240,参数与卖点 KB,HUAWEI MatePad Pro 13.2 英寸 参数与卖点,official_product_page,https://www.vmall.com/product/comdetail/index.html?prdId=10086120212240,01_参数与卖点_KB/平板/10086120212240_HUAWEI_MatePad_Pro_13.2_英寸.md
product-10086127502687,参数与卖点 KB,HUAWEI MatePad Pro Max 参数与卖点,official_product_page,https://www.vmall.com/product/comdetail/index.html?prdId=10086127502687&sbomCode=2701010130502,01_参数与卖点_KB/平板/10086127502687_HUAWEI_MatePad_Pro_Max.md
product-10086287244006,参数与卖点 KB,HUAWEI MatePad Mini 参数与卖点,official_product_page,https://www.vmall.com/product/comdetail/index.html?prdId=10086287244006&sbomCode=2701010123211,01_参数与卖点_KB/平板/10086287244006_HUAWEI_MatePad_Mini.md
product-10086294960453,参数与卖点 KB,HUAWEI MatePad 11.5 参数与卖点,official_product_page,https://www.vmall.com/product/comdetail/index.html?prdId=10086294960453,01_参数与卖点_KB/平板/10086294960453_HUAWEI_MatePad_11.5.md
product-10086426290126,参数与卖点 KB,HUAWEI MatePad SE 11英寸 焕新版 参数与卖点,official_product_page,https://www.vmall.com/product/comdetail/index.html?prdId=10086426290126&sbomCode=2701010132701,01_参数与卖点_KB/平板/10086426290126_HUAWEI_MatePad_SE_11英寸_焕新版.md
product-10086486839777,参数与卖点 KB,HUAWEI MatePad Air 12英寸 鸿蒙焕新版 参数与卖点,official_product_page,https://www.vmall.com/product/comdetail/index.html?prdId=10086486839777&sbomCode=2701010131701,01_参数与卖点_KB/平板/10086486839777_HUAWEI_MatePad_Air_12英寸_鸿蒙焕新版.md
product-10086518319242,参数与卖点 KB,HUAWEI MatePad 11.5 S 参数与卖点,official_product_page,https://www.vmall.com/product/comdetail/index.html?prdId=10086518319242&sbomCode=2701010122623,01_参数与卖点_KB/平板/10086518319242_HUAWEI_MatePad_11.5_S.md
product-10086590821009,参数与卖点 KB,HUAWEI MatePad Edge 参数与卖点,official_product_page,https://www.vmall.com/product/comdetail/index.html?prdId=10086590821009&sbomCode=2701010126301,01_参数与卖点_KB/平板/10086590821009_HUAWEI_MatePad_Edge.md
product-current-matepad-11-5-s-flex-2025,参数与卖点 KB,HUAWEI MatePad 11.5 S 灵动款 鸿蒙焕新版 参数与卖点,official_product_or_specs_page,https://consumer.huawei.com/cn/tablets/matepad-11-5-s-2025/specs/ | https://www.vmall.com/portal/search/index.html?targetRoute=searchresult&searchWord=%25E5%25B9%25B3%25E6%259D%25BF&searchHistoryShow=true&searchResultPageProdShow=true,01_参数与卖点_KB/平板/current_HUAWEI_MatePad_11.5_S_灵动款_鸿蒙焕新版.md
product-current-matepad-11-5-2026,参数与卖点 KB,HUAWEI MatePad 11.5 鸿蒙焕新版 参数与卖点,official_product_or_specs_page,https://consumer.huawei.com/cn/tablets/matepad-11-5-2026/specs/ | https://www.vmall.com/portal/search/index.html?targetRoute=searchresult&searchWord=%25E5%25B9%25B3%25E6%259D%25BF&searchHistoryShow=true&searchResultPageProdShow=true,01_参数与卖点_KB/平板/current_HUAWEI_MatePad_11.5_鸿蒙焕新版.md
product-10086061975812,参数与卖点 KB,HUAWEI Pura X 参数与卖点,official_product_or_specs_page,https://www.vmall.com/product/comdetail/index.html?prdId=10086061975812 | https://www.vmall.com/portal/search/index.html?targetRoute=searchresult&searchWord=%25E6%2589%258B%25E6%259C%25BA&searchHistoryShow=true&searchResultPageProdShow=true,01_参数与卖点_KB/手机/10086061975812_HUAWEI_Pura_X.md
product-10086133363559,参数与卖点 KB,HUAWEI Mate 80 参数与卖点,official_product_page,https://www.vmall.com/product/comdetail/index.html?prdId=10086133363559&sbomCode=2601010586341,01_参数与卖点_KB/手机/10086133363559_HUAWEI_Mate_80.md
product-10086153236238,参数与卖点 KB,HUAWEI Pura 80 Pro+ 参数与卖点,official_product_page,https://www.vmall.com/product/comdetail/index.html?prdId=10086153236238,01_参数与卖点_KB/手机/10086153236238_HUAWEI_Pura_80_Pro+.md
product-10086174757473,参数与卖点 KB,华为畅享 90 参数与卖点,official_product_page,https://www.vmall.com/product/comdetail/index.html?prdId=10086174757473,01_参数与卖点_KB/手机/10086174757473_华为畅享_90.md
product-10086259366534,参数与卖点 KB,HUAWEI Mate 70 Pro 参数与卖点,official_product_page,https://www.vmall.com/product/comdetail/index.html?prdId=10086259366534,01_参数与卖点_KB/手机/10086259366534_HUAWEI_Mate_70_Pro.md
product-10086270081540,参数与卖点 KB,华为畅享 90 Pro Max 参数与卖点,official_product_page,https://www.vmall.com/product/comdetail/index.html?prdId=10086270081540,01_参数与卖点_KB/手机/10086270081540_华为畅享_90_Pro_Max.md
product-10086316355082,参数与卖点 KB,HUAWEI Pura 80 Pro 参数与卖点,official_product_page,https://www.vmall.com/product/comdetail/index.html?prdId=10086316355082,01_参数与卖点_KB/手机/10086316355082_HUAWEI_Pura_80_Pro.md
product-10086364337052,参数与卖点 KB,HUAWEI Pura 80 参数与卖点,official_product_page,https://www.vmall.com/product/comdetail/index.html?prdId=10086364337052,01_参数与卖点_KB/手机/10086364337052_HUAWEI_Pura_80.md
product-10086384239615,参数与卖点 KB,HUAWEI Mate 70 Air 参数与卖点,official_product_page,https://www.vmall.com/product/comdetail/index.html?prdId=10086384239615,01_参数与卖点_KB/手机/10086384239615_HUAWEI_Mate_70_Air.md
product-10086454848882,参数与卖点 KB,HUAWEI Pura 90 Pro Max 参数与卖点,official_product_page,https://www.vmall.com/product/comdetail/index.html?prdId=10086454848882&sbomCode=2601010614324,01_参数与卖点_KB/手机/10086454848882_HUAWEI_Pura_90_Pro_Max.md
product-10086476013098,参数与卖点 KB,HUAWEI Mate 80 Pro 参数与卖点,official_product_page,https://www.vmall.com/product/comdetail/index.html?prdId=10086476013098,01_参数与卖点_KB/手机/10086476013098_HUAWEI_Mate_80_Pro.md
product-10086511284892,参数与卖点 KB,HUAWEI Mate 80 RS 非凡大师 参数与卖点,official_product_page,https://www.vmall.com/product/comdetail/index.html?prdId=10086511284892,01_参数与卖点_KB/手机/10086511284892_HUAWEI_Mate_80_RS_非凡大师.md
product-10086524794571,参数与卖点 KB,nova 16 Ultra 参数与卖点,official_product_page,https://www.vmall.com/product/comdetail/index.html?prdId=10086524794571&sbomCode=2601010625710,01_参数与卖点_KB/手机/10086524794571_nova_16_Ultra.md
product-10086621059876,参数与卖点 KB,HUAWEI Pura X Max 参数与卖点,official_product_page,https://www.vmall.com/product/comdetail/index.html?prdId=10086621059876,01_参数与卖点_KB/手机/10086621059876_HUAWEI_Pura_X_Max.md
product-10086658434293,参数与卖点 KB,nova 16z 参数与卖点,official_product_page,https://www.vmall.com/product/comdetail/index.html?prdId=10086658434293&sbomCode=2601010626007,01_参数与卖点_KB/手机/10086658434293_nova_16z.md
product-10086724171251,参数与卖点 KB,HUAWEI Mate 80 Pro Max 参数与卖点,official_product_page,https://www.vmall.com/product/comdetail/index.html?prdId=10086724171251&sbomCode=2601010586509,01_参数与卖点_KB/手机/10086724171251_HUAWEI_Mate_80_Pro_Max.md
product-10086754422315,参数与卖点 KB,HUAWEI Mate XTs 非凡大师 参数与卖点,official_product_or_specs_page,https://www.vmall.com/product/comdetail/index.html?prdId=10086754422315&sbomCode=2601010580035 | https://www.vmall.com/portal/search/index.html?targetRoute=searchresult&searchWord=%25E6%2589%258B%25E6%259C%25BA&searchHistoryShow=true&searchResultPageProdShow=true,01_参数与卖点_KB/手机/10086754422315_HUAWEI_Mate_XTs_非凡大师.md
product-10086838189168,参数与卖点 KB,HUAWEI Mate X7 参数与卖点,official_product_page,https://www.vmall.com/product/comdetail/index.html?prdId=10086838189168,01_参数与卖点_KB/手机/10086838189168_HUAWEI_Mate_X7.md
product-10086839537149,参数与卖点 KB,HUAWEI Pura 80 Ultra 参数与卖点,official_product_page,https://www.vmall.com/product/comdetail/index.html?prdId=10086839537149,01_参数与卖点_KB/手机/10086839537149_HUAWEI_Pura_80_Ultra.md
product-10086843224230,参数与卖点 KB,HUAWEI Mate X6 参数与卖点,official_product_page,https://www.vmall.com/product/comdetail/index.html?prdId=10086843224230,01_参数与卖点_KB/手机/10086843224230_HUAWEI_Mate_X6.md
product-10086850799769,参数与卖点 KB,nova 16 参数与卖点,official_product_page,https://www.vmall.com/product/comdetail/index.html?prdId=10086850799769&sbomCode=2601010625916,01_参数与卖点_KB/手机/10086850799769_nova_16.md
product-10086866372688,参数与卖点 KB,HUAWEI Pura 90 Pro 参数与卖点,official_product_page,https://www.vmall.com/product/comdetail/index.html?prdId=10086866372688&sbomCode=2601010614420,01_参数与卖点_KB/手机/10086866372688_HUAWEI_Pura_90_Pro.md
product-10086898360689,参数与卖点 KB,HUAWEI Mate 70 Pro 优享版 参数与卖点,official_product_page,https://www.vmall.com/product/comdetail/index.html?prdId=10086898360689,01_参数与卖点_KB/手机/10086898360689_HUAWEI_Mate_70_Pro_优享版.md
product-10086941643085,参数与卖点 KB,nova 16 Pro 参数与卖点,official_product_page,https://www.vmall.com/product/comdetail/index.html?prdId=10086941643085&sbomCode=2601010625815,01_参数与卖点_KB/手机/10086941643085_nova_16_Pro.md
product-10086981094378,参数与卖点 KB,HUAWEI Mate 80 Pro Max 风驰版 参数与卖点,official_product_page,https://www.vmall.com/product/comdetail/index.html?prdId=10086981094378,01_参数与卖点_KB/手机/10086981094378_HUAWEI_Mate_80_Pro_Max_风驰版.md
product-10086989076790,参数与卖点 KB,HUAWEI Mate 70 Pro+ 参数与卖点,official_product_page,https://www.vmall.com/product/comdetail/index.html?prdId=10086989076790,01_参数与卖点_KB/手机/10086989076790_HUAWEI_Mate_70_Pro+.md
product-current-pura-90,参数与卖点 KB,HUAWEI Pura 90 参数与卖点,official_product_or_specs_page,https://consumer.huawei.com/cn/phones/pura90/specs/ | https://consumer.huawei.com/cn/phones/pura90/ | https://www.vmall.com/portal/search/index.html?targetRoute=searchresult&searchWord=%25E6%2589%258B%25E6%259C%25BA&searchHistoryShow=true&searchResultPageProdShow=true,01_参数与卖点_KB/手机/current_HUAWEI_Pura_90.md
product-current-changxiang-90-plus,参数与卖点 KB,华为畅享 90 Plus 参数与卖点,official_product_or_specs_page,https://consumer.huawei.com/cn/phones/changxiang-90-plus/specs/ | https://consumer.huawei.com/cn/phones/changxiang-90-plus/ | https://www.vmall.com/portal/search/index.html?targetRoute=searchresult&searchWord=%25E6%2589%258B%25E6%259C%25BA&searchHistoryShow=true&searchResultPageProdShow=true,01_参数与卖点_KB/手机/current_华为畅享_90_Plus.md
catalog-平板,参数与卖点 KB,第一版平板商品知识目录,derived_catalog_from_official_product_pages,https://www.vmall.com/product/comdetail/index.html?prdId=10086518319242&sbomCode=2701010122623 | https://www.vmall.com/product/comdetail/index.html?prdId=10086294960453 | https://www.vmall.com/product/comdetail/index.html?prdId=10086486839777&sbomCode=2701010131701 | https://www.vmall.com/product/comdetail/index.html?prdId=10086590821009&sbomCode=2701010126301 | https://www.vmall.com/product/comdetail/index.html?prdId=10086287244006&sbomCode=2701010123211 | https://www.vmall.com/product/comdetail/index.html?prdId=10086106814226&sbomCode=2701010122029 | https://www.vmall.com/product/comdetail/index.html?prdId=10086120212240 | https://www.vmall.com/product/comdetail/index.html?prdId=10086127502687&sbomCode=2701010130502 | https://www.vmall.com/product/comdetail/index.html?prdId=10086426290126&sbomCode=2701010132701,01_参数与卖点_KB/目录与范围/catalog_平板.md
catalog-手机,参数与卖点 KB,第一版手机商品知识目录,derived_catalog_from_official_product_pages,https://www.vmall.com/product/comdetail/index.html?prdId=10086384239615 | https://www.vmall.com/product/comdetail/index.html?prdId=10086898360689 | https://www.vmall.com/product/comdetail/index.html?prdId=10086259366534 | https://www.vmall.com/product/comdetail/index.html?prdId=10086989076790 | https://www.vmall.com/product/comdetail/index.html?prdId=10086724171251&sbomCode=2601010586509 | https://www.vmall.com/product/comdetail/index.html?prdId=10086981094378 | https://www.vmall.com/product/comdetail/index.html?prdId=10086476013098 | https://www.vmall.com/product/comdetail/index.html?prdId=10086511284892 | https://www.vmall.com/product/comdetail/index.html?prdId=10086133363559&sbomCode=2601010586341 | https://www.vmall.com/product/comdetail/index.html?prdId=10086843224230 | https://www.vmall.com/product/comdetail/index.html?prdId=10086838189168 | https://www.vmall.com/product/comdetail/index.html?prdId=10086316355082 | https://www.vmall.com/product/comdetail/index.html?prdId=10086153236238 | https://www.vmall.com/product/comdetail/index.html?prdId=10086839537149 | https://www.vmall.com/product/comdetail/index.html?prdId=10086364337052 | https://www.vmall.com/product/comdetail/index.html?prdId=10086454848882&sbomCode=2601010614324 | https://www.vmall.com/product/comdetail/index.html?prdId=10086866372688&sbomCode=2601010614420 | https://www.vmall.com/product/comdetail/index.html?prdId=10086621059876 | https://www.vmall.com/product/comdetail/index.html?prdId=10086941643085&sbomCode=2601010625815 | https://www.vmall.com/product/comdetail/index.html?prdId=10086524794571&sbomCode=2601010625710 | https://www.vmall.com/product/comdetail/index.html?prdId=10086850799769&sbomCode=2601010625916 | https://www.vmall.com/product/comdetail/index.html?prdId=10086658434293&sbomCode=2601010626007 | https://www.vmall.com/product/comdetail/index.html?prdId=10086270081540 | https://www.vmall.com/product/comdetail/index.html?prdId=10086174757473,01_参数与卖点_KB/目录与范围/catalog_手机.md
catalog-笔记本,参数与卖点 KB,第一版笔记本商品知识目录,derived_catalog_from_official_product_pages,https://www.vmall.com/product/comdetail/index.html?prdId=10086627212823&sbomCode=2801010174936 | https://www.vmall.com/product/comdetail/index.html?prdId=10086097339191&sbomCode=2801010196902 | https://www.vmall.com/product/comdetail/index.html?prdId=10086159780677&sbomCode=2801010170615 | https://www.vmall.com/product/comdetail/index.html?prdId=10086032697504 | https://www.vmall.com/product/comdetail/index.html?prdId=10086600621238&sbomCode=2801010152845 | https://www.vmall.com/product/comdetail/index.html?prdId=10086715793338&sbomCode=2801010168126 | https://www.vmall.com/product/comdetail/index.html?prdId=10086297718748 | https://www.vmall.com/product/comdetail/index.html?prdId=10086309170231 | https://www.vmall.com/product/comdetail/index.html?prdId=10086702263930&sbomCode=2801010187204,01_参数与卖点_KB/目录与范围/catalog_笔记本.md
product-10086032697504,参数与卖点 KB,HUAWEI MateBook D 14 参数与卖点,official_product_page,https://www.vmall.com/product/comdetail/index.html?prdId=10086032697504,01_参数与卖点_KB/笔记本/10086032697504_HUAWEI_MateBook_D_14.md
product-10086097339191,参数与卖点 KB,HUAWEI MateBook 14 鸿蒙版 参数与卖点,official_product_page,https://www.vmall.com/product/comdetail/index.html?prdId=10086097339191&sbomCode=2801010196902,01_参数与卖点_KB/笔记本/10086097339191_HUAWEI_MateBook_14_鸿蒙版.md
product-10086159780677,参数与卖点 KB,HUAWEI MateBook D 14 SE 参数与卖点,official_product_page,https://www.vmall.com/product/comdetail/index.html?prdId=10086159780677&sbomCode=2801010170615,01_参数与卖点_KB/笔记本/10086159780677_HUAWEI_MateBook_D_14_SE.md
product-10086297718748,参数与卖点 KB,HUAWEI MateBook Fold 非凡大师 参数与卖点,official_product_page,https://www.vmall.com/product/comdetail/index.html?prdId=10086297718748,01_参数与卖点_KB/笔记本/10086297718748_HUAWEI_MateBook_Fold_非凡大师.md
product-10086309170231,参数与卖点 KB,HUAWEI MateBook GT 14 酷睿 Ultra 参数与卖点,official_product_page,https://www.vmall.com/product/comdetail/index.html?prdId=10086309170231,01_参数与卖点_KB/笔记本/10086309170231_HUAWEI_MateBook_GT_14_酷睿_Ultra.md
product-10086600621238,参数与卖点 KB,HUAWEI MateBook D 16 SE 参数与卖点,official_product_page,https://www.vmall.com/product/comdetail/index.html?prdId=10086600621238&sbomCode=2801010152845,01_参数与卖点_KB/笔记本/10086600621238_HUAWEI_MateBook_D_16_SE.md
product-10086627212823,参数与卖点 KB,HUAWEI MateBook 14 酷睿 Ultra 参数与卖点,official_product_page,https://www.vmall.com/product/comdetail/index.html?prdId=10086627212823&sbomCode=2801010174936,01_参数与卖点_KB/笔记本/10086627212823_HUAWEI_MateBook_14_酷睿_Ultra.md
product-10086702263930,参数与卖点 KB,HUAWEI MateBook Pro 参数与卖点,official_product_page,https://www.vmall.com/product/comdetail/index.html?prdId=10086702263930&sbomCode=2801010187204,01_参数与卖点_KB/笔记本/10086702263930_HUAWEI_MateBook_Pro.md
product-10086715793338,参数与卖点 KB,HUAWEI MateBook D 16 参数与卖点,official_product_page,https://www.vmall.com/product/comdetail/index.html?prdId=10086715793338&sbomCode=2801010168126,01_参数与卖点_KB/笔记本/10086715793338_HUAWEI_MateBook_D_16.md
compat-earphone-connect,鸿蒙生态兼容 KB,耳机连接手机平板和电脑,official_support_or_policy_page,https://consumer.huawei.com/cn/support/content/zh-cn15868501/,02_鸿蒙生态兼容_KB/官方资料/compat-earphone-connect_耳机连接手机平板和电脑.md
compat-earphone-multi,鸿蒙生态兼容 KB,华为耳机多设备连接,official_support_or_policy_page,https://consumer.huawei.com/cn/support/content/zh-cn15907440/,02_鸿蒙生态兼容_KB/官方资料/compat-earphone-multi_华为耳机多设备连接.md
compat-huawei-share,鸿蒙生态兼容 KB,华为分享操作指南,official_support_or_policy_page,https://consumer.huawei.com/cn/support/huaweishareonehop/,02_鸿蒙生态兼容_KB/官方资料/compat-huawei-share_华为分享操作指南.md
compat-pc-fail,鸿蒙生态兼容 KB,电脑与手机平板多屏协同连接失败,official_support_or_policy_page,https://consumer.huawei.com/cn/support/content/zh-cn15923138,02_鸿蒙生态兼容_KB/官方资料/compat-pc-fail_电脑与手机平板多屏协同连接失败.md
compat-pc-list,鸿蒙生态兼容 KB,电脑多屏协同与华为分享支持清单,official_support_or_policy_page,https://consumer.huawei.com/cn/support/content/zh-cn15988997/,02_鸿蒙生态兼容_KB/官方资料/compat-pc-list_电脑多屏协同与华为分享支持清单.md
compat-phone-tablet,鸿蒙生态兼容 KB,手机和平板多屏协同,official_support_or_policy_page,https://consumer.huawei.com/cn/support/content/zh-cn16101643/,02_鸿蒙生态兼容_KB/官方资料/compat-phone-tablet_手机和平板多屏协同.md
compat-stylus-list,鸿蒙生态兼容 KB,华为手写笔适配清单,official_support_or_policy_page,https://consumer.huawei.com/cn/support/content/zh-cn00737675/,02_鸿蒙生态兼容_KB/官方资料/compat-stylus-list_华为手写笔适配清单.md
compat-super-device-list,鸿蒙生态兼容 KB,手机平板超级终端支持设备清单,official_support_or_policy_page,https://consumer.huawei.com/cn/support/content/zh-cn15905593/,02_鸿蒙生态兼容_KB/官方资料/compat-super-device-list_手机平板超级终端支持设备清单.md
compat-super-device,鸿蒙生态兼容 KB,超级终端实现多设备协同,official_support_or_policy_page,https://consumer.huawei.com/cn/support/content/zh-cn15941521/,02_鸿蒙生态兼容_KB/官方资料/compat-super-device_超级终端实现多设备协同.md
compat-tablet-pc,鸿蒙生态兼容 KB,平板与笔记本多屏协同,official_support_or_policy_page,https://consumer.huawei.com/cn/support/content/zh-cn15880996/,02_鸿蒙生态兼容_KB/官方资料/compat-tablet-pc_平板与笔记本多屏协同.md
compat-watch-pair,鸿蒙生态兼容 KB,华为手表手环与安卓手机配对,official_support_or_policy_page,https://consumer.huawei.com/cn/support/content/zh-cn16008856/,02_鸿蒙生态兼容_KB/官方资料/compat-watch-pair_华为手表手环与安卓手机配对.md
kbplus-catalog-current-wearables,鸿蒙生态兼容 KB,当前在售穿戴兼容档案目录,official_search_catalog,https://www.vmall.com/portal/search/index.html?targetRoute=searchresult&searchWord=%25E7%25A9%25BF%25E6%2588%25B4&searchHistoryShow=true&searchResultPageProdShow=true,02_鸿蒙生态兼容_KB/目录与范围/catalog_当前在售穿戴兼容档案.md
kbplus-catalog-current-earphones,鸿蒙生态兼容 KB,当前在售耳机兼容档案目录,official_search_catalog,https://www.vmall.com/portal/search/index.html?targetRoute=searchresult&searchWord=%25E8%2580%25B3%25E6%259C%25BA&searchHistoryShow=true&searchResultPageProdShow=true,02_鸿蒙生态兼容_KB/目录与范围/catalog_当前在售耳机兼容档案.md
kbplus-wearable-band-10,鸿蒙生态兼容 KB,华为手环 10 兼容与搭配档案,official_search_listing_plus_support,https://www.vmall.com/portal/search/index.html?targetRoute=searchresult&searchWord=%25E7%25A9%25BF%25E6%2588%25B4&searchHistoryShow=true&searchResultPageProdShow=true | https://consumer.huawei.com/cn/support/content/zh-cn16008856/,02_鸿蒙生态兼容_KB/穿戴/band-10_华为手环_10.md
kbplus-wearable-band-11-pro,鸿蒙生态兼容 KB,华为手环 11 Pro 兼容与搭配档案,official_search_listing_plus_support,https://www.vmall.com/portal/search/index.html?targetRoute=searchresult&searchWord=%25E7%25A9%25BF%25E6%2588%25B4&searchHistoryShow=true&searchResultPageProdShow=true | https://consumer.huawei.com/cn/support/content/zh-cn16008856/,02_鸿蒙生态兼容_KB/穿戴/band-11-pro_华为手环_11_Pro.md
kbplus-wearable-band-11,鸿蒙生态兼容 KB,华为手环 11 兼容与搭配档案,official_search_listing_plus_support,https://www.vmall.com/portal/search/index.html?targetRoute=searchresult&searchWord=%25E7%25A9%25BF%25E6%2588%25B4&searchHistoryShow=true&searchResultPageProdShow=true | https://consumer.huawei.com/cn/support/content/zh-cn16008856/,02_鸿蒙生态兼容_KB/穿戴/band-11_华为手环_11.md
kbplus-wearable-fit-4-pro,鸿蒙生态兼容 KB,HUAWEI WATCH FIT 4 Pro 兼容与搭配档案,official_search_listing_plus_support,https://www.vmall.com/portal/search/index.html?targetRoute=searchresult&searchWord=%25E7%25A9%25BF%25E6%2588%25B4&searchHistoryShow=true&searchResultPageProdShow=true | https://consumer.huawei.com/cn/support/content/zh-cn16008856/,02_鸿蒙生态兼容_KB/穿戴/fit-4-pro_HUAWEI_WATCH_FIT_4_Pro.md
kbplus-wearable-fit-4,鸿蒙生态兼容 KB,HUAWEI WATCH FIT 4 兼容与搭配档案,official_search_listing_plus_support,https://www.vmall.com/portal/search/index.html?targetRoute=searchresult&searchWord=%25E7%25A9%25BF%25E6%2588%25B4&searchHistoryShow=true&searchResultPageProdShow=true | https://consumer.huawei.com/cn/support/content/zh-cn16008856/,02_鸿蒙生态兼容_KB/穿戴/fit-4_HUAWEI_WATCH_FIT_4.md
kbplus-wearable-fit-5-pro,鸿蒙生态兼容 KB,HUAWEI WATCH FIT 5 Pro 兼容与搭配档案,official_search_listing_plus_support,https://www.vmall.com/portal/search/index.html?targetRoute=searchresult&searchWord=%25E7%25A9%25BF%25E6%2588%25B4&searchHistoryShow=true&searchResultPageProdShow=true | https://consumer.huawei.com/cn/support/content/zh-cn16008856/,02_鸿蒙生态兼容_KB/穿戴/fit-5-pro_HUAWEI_WATCH_FIT_5_Pro.md
kbplus-wearable-fit-5,鸿蒙生态兼容 KB,HUAWEI WATCH FIT 5 兼容与搭配档案,official_search_listing_plus_support,https://www.vmall.com/portal/search/index.html?targetRoute=searchresult&searchWord=%25E7%25A9%25BF%25E6%2588%25B4&searchHistoryShow=true&searchResultPageProdShow=true | https://consumer.huawei.com/cn/support/content/zh-cn16008856/,02_鸿蒙生态兼容_KB/穿戴/fit-5_HUAWEI_WATCH_FIT_5.md
kbplus-wearable-gt-6-41,鸿蒙生态兼容 KB,HUAWEI WATCH GT 6 41mm 兼容与搭配档案,official_search_listing_plus_support,https://www.vmall.com/portal/search/index.html?targetRoute=searchresult&searchWord=%25E7%25A9%25BF%25E6%2588%25B4&searchHistoryShow=true&searchResultPageProdShow=true | https://consumer.huawei.com/cn/support/content/zh-cn16008856/,02_鸿蒙生态兼容_KB/穿戴/gt-6-41_HUAWEI_WATCH_GT_6_41mm.md
kbplus-wearable-gt-6-46,鸿蒙生态兼容 KB,HUAWEI WATCH GT 6 46mm 兼容与搭配档案,official_search_listing_plus_support,https://www.vmall.com/portal/search/index.html?targetRoute=searchresult&searchWord=%25E7%25A9%25BF%25E6%2588%25B4&searchHistoryShow=true&searchResultPageProdShow=true | https://consumer.huawei.com/cn/support/content/zh-cn16008856/,02_鸿蒙生态兼容_KB/穿戴/gt-6-46_HUAWEI_WATCH_GT_6_46mm.md
kbplus-wearable-gt-6-pro,鸿蒙生态兼容 KB,HUAWEI WATCH GT 6 Pro 兼容与搭配档案,official_search_listing_plus_support,https://www.vmall.com/portal/search/index.html?targetRoute=searchresult&searchWord=%25E7%25A9%25BF%25E6%2588%25B4&searchHistoryShow=true&searchResultPageProdShow=true | https://consumer.huawei.com/cn/support/content/zh-cn16008856/,02_鸿蒙生态兼容_KB/穿戴/gt-6-pro_HUAWEI_WATCH_GT_6_Pro.md
kbplus-wearable-gt-runner-2,鸿蒙生态兼容 KB,HUAWEI WATCH GT Runner 2 兼容与搭配档案,official_search_listing_plus_support,https://www.vmall.com/portal/search/index.html?targetRoute=searchresult&searchWord=%25E7%25A9%25BF%25E6%2588%25B4&searchHistoryShow=true&searchResultPageProdShow=true | https://consumer.huawei.com/cn/support/content/zh-cn16008856/,02_鸿蒙生态兼容_KB/穿戴/gt-runner-2_HUAWEI_WATCH_GT_Runner_2.md
kbplus-wearable-kids-5-active,鸿蒙生态兼容 KB,华为儿童手表 5 活力版 兼容与搭配档案,official_search_listing_plus_support,https://www.vmall.com/portal/search/index.html?targetRoute=searchresult&searchWord=%25E7%25A9%25BF%25E6%2588%25B4&searchHistoryShow=true&searchResultPageProdShow=true | https://consumer.huawei.com/cn/support/content/zh-cn16008856/,02_鸿蒙生态兼容_KB/穿戴/kids-5-active_华为儿童手表_5_活力版.md
kbplus-wearable-kids-5-new,鸿蒙生态兼容 KB,华为儿童手表 5 新耀版 兼容与搭配档案,official_search_listing_plus_support,https://www.vmall.com/portal/search/index.html?targetRoute=searchresult&searchWord=%25E7%25A9%25BF%25E6%2588%25B4&searchHistoryShow=true&searchResultPageProdShow=true | https://consumer.huawei.com/cn/support/content/zh-cn16008856/,02_鸿蒙生态兼容_KB/穿戴/kids-5-new_华为儿童手表_5_新耀版.md
kbplus-wearable-kids-5-pro,鸿蒙生态兼容 KB,华为儿童手表 5 Pro 兼容与搭配档案,official_search_listing_plus_support,https://www.vmall.com/portal/search/index.html?targetRoute=searchresult&searchWord=%25E7%25A9%25BF%25E6%2588%25B4&searchHistoryShow=true&searchResultPageProdShow=true | https://consumer.huawei.com/cn/support/content/zh-cn16008856/,02_鸿蒙生态兼容_KB/穿戴/kids-5-pro_华为儿童手表_5_Pro.md
kbplus-wearable-kids-5,鸿蒙生态兼容 KB,华为儿童手表 5 兼容与搭配档案,official_search_listing_plus_support,https://www.vmall.com/portal/search/index.html?targetRoute=searchresult&searchWord=%25E7%25A9%25BF%25E6%2588%25B4&searchHistoryShow=true&searchResultPageProdShow=true | https://consumer.huawei.com/cn/support/content/zh-cn16008856/,02_鸿蒙生态兼容_KB/穿戴/kids-5_华为儿童手表_5.md
kbplus-wearable-kids-5x,鸿蒙生态兼容 KB,华为儿童手表 5X 兼容与搭配档案,official_search_listing_plus_support,https://www.vmall.com/portal/search/index.html?targetRoute=searchresult&searchWord=%25E7%25A9%25BF%25E6%2588%25B4&searchHistoryShow=true&searchResultPageProdShow=true | https://consumer.huawei.com/cn/support/content/zh-cn16008856/,02_鸿蒙生态兼容_KB/穿戴/kids-5x_华为儿童手表_5X.md
kbplus-wearable-supernova-x1-pro,鸿蒙生态兼容 KB,华为超新星手表 X1 Pro 兼容与搭配档案,official_search_listing_plus_support,https://www.vmall.com/portal/search/index.html?targetRoute=searchresult&searchWord=%25E7%25A9%25BF%25E6%2588%25B4&searchHistoryShow=true&searchResultPageProdShow=true | https://consumer.huawei.com/cn/support/content/zh-cn16008856/,02_鸿蒙生态兼容_KB/穿戴/supernova-x1-pro_华为超新星手表_X1_Pro.md
kbplus-wearable-supernova-x1,鸿蒙生态兼容 KB,华为超新星手表 X1 兼容与搭配档案,official_search_listing_plus_support,https://www.vmall.com/portal/search/index.html?targetRoute=searchresult&searchWord=%25E7%25A9%25BF%25E6%2588%25B4&searchHistoryShow=true&searchResultPageProdShow=true | https://consumer.huawei.com/cn/support/content/zh-cn16008856/,02_鸿蒙生态兼容_KB/穿戴/supernova-x1_华为超新星手表_X1.md
kbplus-wearable-ultimate-2,鸿蒙生态兼容 KB,HUAWEI WATCH Ultimate 2 非凡探索 兼容与搭配档案,official_search_listing_plus_support,https://www.vmall.com/portal/search/index.html?targetRoute=searchresult&searchWord=%25E7%25A9%25BF%25E6%2588%25B4&searchHistoryShow=true&searchResultPageProdShow=true | https://consumer.huawei.com/cn/support/content/zh-cn16008856/,02_鸿蒙生态兼容_KB/穿戴/ultimate-2_HUAWEI_WATCH_Ultimate_2_非凡探索.md
kbplus-wearable-ultimate-design-diamond,鸿蒙生态兼容 KB,HUAWEI WATCH ULTIMATE DESIGN 星钻绽放款 兼容与搭配档案,official_search_listing_plus_support,https://www.vmall.com/portal/search/index.html?targetRoute=searchresult&searchWord=%25E7%25A9%25BF%25E6%2588%25B4&searchHistoryShow=true&searchResultPageProdShow=true | https://consumer.huawei.com/cn/support/content/zh-cn16008856/,02_鸿蒙生态兼容_KB/穿戴/ultimate-design-diamond_HUAWEI_WATCH_ULTIMATE_DESIGN_星钻绽放款.md
kbplus-wearable-ultimate-design-gold,鸿蒙生态兼容 KB,HUAWEI WATCH ULTIMATE DESIGN 蓝宝石黄金款 兼容与搭配档案,official_search_listing_plus_support,https://www.vmall.com/portal/search/index.html?targetRoute=searchresult&searchWord=%25E7%25A9%25BF%25E6%2588%25B4&searchHistoryShow=true&searchResultPageProdShow=true | https://consumer.huawei.com/cn/support/content/zh-cn16008856/,02_鸿蒙生态兼容_KB/穿戴/ultimate-design-gold_HUAWEI_WATCH_ULTIMATE_DESIGN_蓝宝石黄金款.md
kbplus-wearable-ultimate-design-purple,鸿蒙生态兼容 KB,HUAWEI WATCH ULTIMATE DESIGN 紫金款 兼容与搭配档案,official_search_listing_plus_support,https://www.vmall.com/portal/search/index.html?targetRoute=searchresult&searchWord=%25E7%25A9%25BF%25E6%2588%25B4&searchHistoryShow=true&searchResultPageProdShow=true | https://consumer.huawei.com/cn/support/content/zh-cn16008856/,02_鸿蒙生态兼容_KB/穿戴/ultimate-design-purple_HUAWEI_WATCH_ULTIMATE_DESIGN_紫金款.md
kbplus-wearable-watch-5,鸿蒙生态兼容 KB,HUAWEI WATCH 5 兼容与搭配档案,official_search_listing_plus_support,https://www.vmall.com/portal/search/index.html?targetRoute=searchresult&searchWord=%25E7%25A9%25BF%25E6%2588%25B4&searchHistoryShow=true&searchResultPageProdShow=true | https://consumer.huawei.com/cn/support/content/zh-cn16008856/,02_鸿蒙生态兼容_KB/穿戴/watch-5_HUAWEI_WATCH_5.md
kbplus-wearable-watch-buds-2,鸿蒙生态兼容 KB,HUAWEI WATCH Buds 2 兼容与搭配档案,official_search_listing_plus_support,https://www.vmall.com/portal/search/index.html?targetRoute=searchresult&searchWord=%25E7%25A9%25BF%25E6%2588%25B4&searchHistoryShow=true&searchResultPageProdShow=true | https://consumer.huawei.com/cn/support/content/zh-cn16008856/,02_鸿蒙生态兼容_KB/穿戴/watch-buds-2_HUAWEI_WATCH_Buds_2.md
kbplus-wearable-watch-d2,鸿蒙生态兼容 KB,HUAWEI WATCH D2 兼容与搭配档案,official_search_listing_plus_support,https://www.vmall.com/portal/search/index.html?targetRoute=searchresult&searchWord=%25E7%25A9%25BF%25E6%2588%25B4&searchHistoryShow=true&searchResultPageProdShow=true | https://consumer.huawei.com/cn/support/content/zh-cn16008856/,02_鸿蒙生态兼容_KB/穿戴/watch-d2_HUAWEI_WATCH_D2.md
compat-matrix,鸿蒙生态兼容 KB,手机平板电脑穿戴耳机兼容关系矩阵,normalized_rules_from_official_support_pages,https://consumer.huawei.com/cn/support/content/zh-cn00737675/ | https://consumer.huawei.com/cn/support/content/zh-cn15868501/ | https://consumer.huawei.com/cn/support/content/zh-cn15880996/ | https://consumer.huawei.com/cn/support/content/zh-cn15905593/ | https://consumer.huawei.com/cn/support/content/zh-cn15907440/ | https://consumer.huawei.com/cn/support/content/zh-cn15923138 | https://consumer.huawei.com/cn/support/content/zh-cn15941521/ | https://consumer.huawei.com/cn/support/content/zh-cn15988997/ | https://consumer.huawei.com/cn/support/content/zh-cn16008856/ | https://consumer.huawei.com/cn/support/content/zh-cn16101643/ | https://consumer.huawei.com/cn/support/huaweishareonehop/,02_鸿蒙生态兼容_KB/综合规则/compat-matrix_手机平板电脑穿戴耳机兼容关系矩阵.md
compat-overview,鸿蒙生态兼容 KB,第一版鸿蒙生态兼容范围与判断顺序,normalized_rules_from_official_support_pages,https://consumer.huawei.com/cn/support/content/zh-cn00737675/ | https://consumer.huawei.com/cn/support/content/zh-cn15868501/ | https://consumer.huawei.com/cn/support/content/zh-cn15880996/ | https://consumer.huawei.com/cn/support/content/zh-cn15905593/ | https://consumer.huawei.com/cn/support/content/zh-cn15907440/ | https://consumer.huawei.com/cn/support/content/zh-cn15923138 | https://consumer.huawei.com/cn/support/content/zh-cn15941521/ | https://consumer.huawei.com/cn/support/content/zh-cn15988997/ | https://consumer.huawei.com/cn/support/content/zh-cn16008856/ | https://consumer.huawei.com/cn/support/content/zh-cn16101643/ | https://consumer.huawei.com/cn/support/huaweishareonehop/,02_鸿蒙生态兼容_KB/综合规则/compat-overview_第一版鸿蒙生态兼容范围与判断顺序.md
compat-recommendation-rules,鸿蒙生态兼容 KB,生态搭配推荐规则与回答边界,normalized_rules_from_official_support_pages,https://consumer.huawei.com/cn/support/content/zh-cn00737675/ | https://consumer.huawei.com/cn/support/content/zh-cn15868501/ | https://consumer.huawei.com/cn/support/content/zh-cn15880996/ | https://consumer.huawei.com/cn/support/content/zh-cn15905593/ | https://consumer.huawei.com/cn/support/content/zh-cn15907440/ | https://consumer.huawei.com/cn/support/content/zh-cn15923138 | https://consumer.huawei.com/cn/support/content/zh-cn15941521/ | https://consumer.huawei.com/cn/support/content/zh-cn15988997/ | https://consumer.huawei.com/cn/support/content/zh-cn16008856/ | https://consumer.huawei.com/cn/support/content/zh-cn16101643/ | https://consumer.huawei.com/cn/support/huaweishareonehop/,02_鸿蒙生态兼容_KB/综合规则/compat-recommendation-rules_生态搭配推荐规则与回答边界.md
kbplus-earphone-classic-usbc,鸿蒙生态兼容 KB,华为经典耳机（USB Type-C版） 兼容与搭配档案,official_search_listing_plus_support,https://www.vmall.com/portal/search/index.html?targetRoute=searchresult&searchWord=%25E8%2580%25B3%25E6%259C%25BA&searchHistoryShow=true&searchResultPageProdShow=true | https://consumer.huawei.com/cn/support/content/zh-cn15868501/ | https://consumer.huawei.com/cn/support/content/zh-cn15907440/,02_鸿蒙生态兼容_KB/耳机/classic-usbc_华为经典耳机（USB_Type-C版）.md
kbplus-earphone-freearc,鸿蒙生态兼容 KB,HUAWEI FreeArc 兼容与搭配档案,official_search_listing_plus_support,https://www.vmall.com/portal/search/index.html?targetRoute=searchresult&searchWord=%25E8%2580%25B3%25E6%259C%25BA&searchHistoryShow=true&searchResultPageProdShow=true | https://consumer.huawei.com/cn/support/content/zh-cn15868501/ | https://consumer.huawei.com/cn/support/content/zh-cn15907440/,02_鸿蒙生态兼容_KB/耳机/freearc_HUAWEI_FreeArc.md
kbplus-earphone-freebuds-6,鸿蒙生态兼容 KB,HUAWEI FreeBuds 6 兼容与搭配档案,official_search_listing_plus_support,https://www.vmall.com/portal/search/index.html?targetRoute=searchresult&searchWord=%25E8%2580%25B3%25E6%259C%25BA&searchHistoryShow=true&searchResultPageProdShow=true | https://consumer.huawei.com/cn/support/content/zh-cn15868501/ | https://consumer.huawei.com/cn/support/content/zh-cn15907440/,02_鸿蒙生态兼容_KB/耳机/freebuds-6_HUAWEI_FreeBuds_6.md
kbplus-earphone-freebuds-6i,鸿蒙生态兼容 KB,HUAWEI FreeBuds 6i 兼容与搭配档案,official_search_listing_plus_support,https://www.vmall.com/portal/search/index.html?targetRoute=searchresult&searchWord=%25E8%2580%25B3%25E6%259C%25BA&searchHistoryShow=true&searchResultPageProdShow=true | https://consumer.huawei.com/cn/support/content/zh-cn15868501/ | https://consumer.huawei.com/cn/support/content/zh-cn15907440/,02_鸿蒙生态兼容_KB/耳机/freebuds-6i_HUAWEI_FreeBuds_6i.md
kbplus-earphone-freebuds-7i,鸿蒙生态兼容 KB,HUAWEI FreeBuds 7i 兼容与搭配档案,official_search_listing_plus_support,https://www.vmall.com/portal/search/index.html?targetRoute=searchresult&searchWord=%25E8%2580%25B3%25E6%259C%25BA&searchHistoryShow=true&searchResultPageProdShow=true | https://consumer.huawei.com/cn/support/content/zh-cn15868501/ | https://consumer.huawei.com/cn/support/content/zh-cn15907440/,02_鸿蒙生态兼容_KB/耳机/freebuds-7i_HUAWEI_FreeBuds_7i.md
kbplus-earphone-freebuds-pro-5,鸿蒙生态兼容 KB,HUAWEI FreeBuds Pro 5 兼容与搭配档案,official_search_listing_plus_support,https://www.vmall.com/portal/search/index.html?targetRoute=searchresult&searchWord=%25E8%2580%25B3%25E6%259C%25BA&searchHistoryShow=true&searchResultPageProdShow=true | https://consumer.huawei.com/cn/support/content/zh-cn15868501/ | https://consumer.huawei.com/cn/support/content/zh-cn15907440/,02_鸿蒙生态兼容_KB/耳机/freebuds-pro-5_HUAWEI_FreeBuds_Pro_5.md
kbplus-earphone-freebuds-se-2,鸿蒙生态兼容 KB,HUAWEI FreeBuds SE 2 兼容与搭配档案,official_search_listing_plus_support,https://www.vmall.com/portal/search/index.html?targetRoute=searchresult&searchWord=%25E8%2580%25B3%25E6%259C%25BA&searchHistoryShow=true&searchResultPageProdShow=true | https://consumer.huawei.com/cn/support/content/zh-cn15868501/ | https://consumer.huawei.com/cn/support/content/zh-cn15907440/,02_鸿蒙生态兼容_KB/耳机/freebuds-se-2_HUAWEI_FreeBuds_SE_2.md
kbplus-earphone-freebuds-se-3,鸿蒙生态兼容 KB,HUAWEI FreeBuds SE 3 兼容与搭配档案,official_search_listing_plus_support,https://www.vmall.com/portal/search/index.html?targetRoute=searchresult&searchWord=%25E8%2580%25B3%25E6%259C%25BA&searchHistoryShow=true&searchResultPageProdShow=true | https://consumer.huawei.com/cn/support/content/zh-cn15868501/ | https://consumer.huawei.com/cn/support/content/zh-cn15907440/,02_鸿蒙生态兼容_KB/耳机/freebuds-se-3_HUAWEI_FreeBuds_SE_3.md
kbplus-earphone-freebuds-se-4-anc,鸿蒙生态兼容 KB,HUAWEI FreeBuds SE 4 ANC 兼容与搭配档案,official_search_listing_plus_support,https://www.vmall.com/portal/search/index.html?targetRoute=searchresult&searchWord=%25E8%2580%25B3%25E6%259C%25BA&searchHistoryShow=true&searchResultPageProdShow=true | https://consumer.huawei.com/cn/support/content/zh-cn15868501/ | https://consumer.huawei.com/cn/support/content/zh-cn15907440/,02_鸿蒙生态兼容_KB/耳机/freebuds-se-4-anc_HUAWEI_FreeBuds_SE_4_ANC.md
kbplus-earphone-freeclip-2-collectors,鸿蒙生态兼容 KB,HUAWEI FreeClip 2 典藏版 兼容与搭配档案,official_search_listing_plus_support,https://www.vmall.com/portal/search/index.html?targetRoute=searchresult&searchWord=%25E8%2580%25B3%25E6%259C%25BA&searchHistoryShow=true&searchResultPageProdShow=true | https://consumer.huawei.com/cn/support/content/zh-cn15868501/ | https://consumer.huawei.com/cn/support/content/zh-cn15907440/,02_鸿蒙生态兼容_KB/耳机/freeclip-2-collectors_HUAWEI_FreeClip_2_典藏版.md
kbplus-earphone-freeclip-2,鸿蒙生态兼容 KB,HUAWEI FreeClip 2 兼容与搭配档案,official_search_listing_plus_support,https://www.vmall.com/portal/search/index.html?targetRoute=searchresult&searchWord=%25E8%2580%25B3%25E6%259C%25BA&searchHistoryShow=true&searchResultPageProdShow=true | https://consumer.huawei.com/cn/support/content/zh-cn15868501/ | https://consumer.huawei.com/cn/support/content/zh-cn15907440/,02_鸿蒙生态兼容_KB/耳机/freeclip-2_HUAWEI_FreeClip_2.md
kbplus-earphone-freeclip,鸿蒙生态兼容 KB,HUAWEI FreeClip 兼容与搭配档案,official_search_listing_plus_support,https://www.vmall.com/portal/search/index.html?targetRoute=searchresult&searchWord=%25E8%2580%25B3%25E6%259C%25BA&searchHistoryShow=true&searchResultPageProdShow=true | https://consumer.huawei.com/cn/support/content/zh-cn15868501/ | https://consumer.huawei.com/cn/support/content/zh-cn15907440/,02_鸿蒙生态兼容_KB/耳机/freeclip_HUAWEI_FreeClip.md
kbplus-earphone-freelace-active,鸿蒙生态兼容 KB,HUAWEI FreeLace 活力版 兼容与搭配档案,official_search_listing_plus_support,https://www.vmall.com/portal/search/index.html?targetRoute=searchresult&searchWord=%25E8%2580%25B3%25E6%259C%25BA&searchHistoryShow=true&searchResultPageProdShow=true | https://consumer.huawei.com/cn/support/content/zh-cn15868501/ | https://consumer.huawei.com/cn/support/content/zh-cn15907440/,02_鸿蒙生态兼容_KB/耳机/freelace-active_HUAWEI_FreeLace_活力版.md
compare-01-10086850799769-10086941643085,使用与选购指南 KB,nova 16 与 nova 16 Pro 静态参数对比参考,derived_comparison_from_official_product_pages,https://www.vmall.com/product/comdetail/index.html?prdId=10086850799769&sbomCode=2601010625916 | https://www.vmall.com/product/comdetail/index.html?prdId=10086941643085&sbomCode=2601010625815,03_使用与选购指南_KB/商品对比参考/compare-01_nova_16_vs_nova_16_Pro.md
compare-02-10086941643085-10086524794571,使用与选购指南 KB,nova 16 Pro 与 nova 16 Ultra 静态参数对比参考,derived_comparison_from_official_product_pages,https://www.vmall.com/product/comdetail/index.html?prdId=10086941643085&sbomCode=2601010625815 | https://www.vmall.com/product/comdetail/index.html?prdId=10086524794571&sbomCode=2601010625710,03_使用与选购指南_KB/商品对比参考/compare-02_nova_16_Pro_vs_nova_16_Ultra.md
compare-03-10086133363559-10086724171251,使用与选购指南 KB,Mate 80 与 Mate 80 Pro Max 静态参数对比参考,derived_comparison_from_official_product_pages,https://www.vmall.com/product/comdetail/index.html?prdId=10086133363559&sbomCode=2601010586341 | https://www.vmall.com/product/comdetail/index.html?prdId=10086724171251&sbomCode=2601010586509,03_使用与选购指南_KB/商品对比参考/compare-03_Mate_80_vs_Mate_80_Pro_Max.md
compare-04-10086866372688-10086454848882,使用与选购指南 KB,Pura 90 Pro 与 Pura 90 Pro Max 静态参数对比参考,derived_comparison_from_official_product_pages,https://www.vmall.com/product/comdetail/index.html?prdId=10086866372688&sbomCode=2601010614420 | https://www.vmall.com/product/comdetail/index.html?prdId=10086454848882&sbomCode=2601010614324,03_使用与选购指南_KB/商品对比参考/compare-04_Pura_90_Pro_vs_Pura_90_Pro_Max.md
compare-05-10086133363559-10086866372688,使用与选购指南 KB,Mate 80 与 Pura 90 Pro 静态参数对比参考,derived_comparison_from_official_product_pages,https://www.vmall.com/product/comdetail/index.html?prdId=10086133363559&sbomCode=2601010586341 | https://www.vmall.com/product/comdetail/index.html?prdId=10086866372688&sbomCode=2601010614420,03_使用与选购指南_KB/商品对比参考/compare-05_Mate_80_vs_Pura_90_Pro.md
compare-06-10086941643085-10086866372688,使用与选购指南 KB,nova 16 Pro 与 Pura 90 Pro 静态参数对比参考,derived_comparison_from_official_product_pages,https://www.vmall.com/product/comdetail/index.html?prdId=10086941643085&sbomCode=2601010625815 | https://www.vmall.com/product/comdetail/index.html?prdId=10086866372688&sbomCode=2601010614420,03_使用与选购指南_KB/商品对比参考/compare-06_nova_16_Pro_vs_Pura_90_Pro.md
compare-07-10086106814226-10086518319242,使用与选购指南 KB,MatePad Pro 12.2 与 MatePad 11.5 S 静态参数对比参考,derived_comparison_from_official_product_pages,https://www.vmall.com/product/comdetail/index.html?prdId=10086106814226&sbomCode=2701010122029 | https://www.vmall.com/product/comdetail/index.html?prdId=10086518319242&sbomCode=2701010122623,03_使用与选购指南_KB/商品对比参考/compare-07_MatePad_Pro_12.2_vs_MatePad_11.5_S.md
compare-08-10086486839777-10086426290126,使用与选购指南 KB,MatePad Air 12 与 MatePad SE 11 静态参数对比参考,derived_comparison_from_official_product_pages,https://www.vmall.com/product/comdetail/index.html?prdId=10086486839777&sbomCode=2701010131701 | https://www.vmall.com/product/comdetail/index.html?prdId=10086426290126&sbomCode=2701010132701,03_使用与选购指南_KB/商品对比参考/compare-08_MatePad_Air_12_vs_MatePad_SE_11.md
compare-09-10086590821009-10086127502687,使用与选购指南 KB,MatePad Edge 与 MatePad Pro Max 静态参数对比参考,derived_comparison_from_official_product_pages,https://www.vmall.com/product/comdetail/index.html?prdId=10086590821009&sbomCode=2701010126301 | https://www.vmall.com/product/comdetail/index.html?prdId=10086127502687&sbomCode=2701010130502,03_使用与选购指南_KB/商品对比参考/compare-09_MatePad_Edge_vs_MatePad_Pro_Max.md
compare-10-10086287244006-10086426290126,使用与选购指南 KB,MatePad Mini 与 MatePad SE 11 静态参数对比参考,derived_comparison_from_official_product_pages,https://www.vmall.com/product/comdetail/index.html?prdId=10086287244006&sbomCode=2701010123211 | https://www.vmall.com/product/comdetail/index.html?prdId=10086426290126&sbomCode=2701010132701,03_使用与选购指南_KB/商品对比参考/compare-10_MatePad_Mini_vs_MatePad_SE_11.md
compare-11-10086106814226-10086127502687,使用与选购指南 KB,MatePad Pro 12.2 与 MatePad Pro Max 静态参数对比参考,derived_comparison_from_official_product_pages,https://www.vmall.com/product/comdetail/index.html?prdId=10086106814226&sbomCode=2701010122029 | https://www.vmall.com/product/comdetail/index.html?prdId=10086127502687&sbomCode=2701010130502,03_使用与选购指南_KB/商品对比参考/compare-11_MatePad_Pro_12.2_vs_MatePad_Pro_Max.md
compare-12-10086702263930-10086097339191,使用与选购指南 KB,MateBook Pro 与 MateBook 14 鸿蒙版 静态参数对比参考,derived_comparison_from_official_product_pages,https://www.vmall.com/product/comdetail/index.html?prdId=10086702263930&sbomCode=2801010187204 | https://www.vmall.com/product/comdetail/index.html?prdId=10086097339191&sbomCode=2801010196902,03_使用与选购指南_KB/商品对比参考/compare-12_MateBook_Pro_vs_MateBook_14_鸿蒙版.md
compare-13-10086159780677-10086600621238,使用与选购指南 KB,MateBook D 14 SE 与 MateBook D 16 SE 静态参数对比参考,derived_comparison_from_official_product_pages,https://www.vmall.com/product/comdetail/index.html?prdId=10086159780677&sbomCode=2801010170615 | https://www.vmall.com/product/comdetail/index.html?prdId=10086600621238&sbomCode=2801010152845,03_使用与选购指南_KB/商品对比参考/compare-13_MateBook_D_14_SE_vs_MateBook_D_16_SE.md
compare-14-10086627212823-10086715793338,使用与选购指南 KB,MateBook 14 酷睿 与 MateBook D 16 静态参数对比参考,derived_comparison_from_official_product_pages,https://www.vmall.com/product/comdetail/index.html?prdId=10086627212823&sbomCode=2801010174936 | https://www.vmall.com/product/comdetail/index.html?prdId=10086715793338&sbomCode=2801010168126,03_使用与选购指南_KB/商品对比参考/compare-14_MateBook_14_酷睿_vs_MateBook_D_16.md
guide-earphone-match,使用与选购指南 KB,手机平板电脑与耳机搭配,derived_from_official_product_pages,https://www.vmall.com/product/comdetail/index.html?prdId=10086702263930&sbomCode=2801010187204 | https://www.vmall.com/product/comdetail/index.html?prdId=10086941643085&sbomCode=2601010625815 | https://www.vmall.com/product/comdetail/index.html?prdId=10086658434293&sbomCode=2601010626007 | https://www.vmall.com/product/comdetail/index.html?prdId=10086724171251&sbomCode=2601010586509 | https://www.vmall.com/product/comdetail/index.html?prdId=10086133363559&sbomCode=2601010586341 | https://www.vmall.com/product/comdetail/index.html?prdId=10086454848882&sbomCode=2601010614324 | https://www.vmall.com/product/comdetail/index.html?prdId=10086850799769&sbomCode=2601010625916 | https://www.vmall.com/product/comdetail/index.html?prdId=10086524794571&sbomCode=2601010625710 | https://www.vmall.com/product/comdetail/index.html?prdId=10086106814226&sbomCode=2701010122029 | https://www.vmall.com/product/comdetail/index.html?prdId=10086518319242&sbomCode=2701010122623,03_使用与选购指南_KB/场景选购指南/guide-earphone-match_手机平板电脑与耳机搭配.md
guide-ecosystem-combo,使用与选购指南 KB,手机平板电脑生态套装选购,derived_from_official_product_pages,https://www.vmall.com/product/comdetail/index.html?prdId=10086702263930&sbomCode=2801010187204 | https://www.vmall.com/product/comdetail/index.html?prdId=10086941643085&sbomCode=2601010625815 | https://www.vmall.com/product/comdetail/index.html?prdId=10086658434293&sbomCode=2601010626007 | https://www.vmall.com/product/comdetail/index.html?prdId=10086724171251&sbomCode=2601010586509 | https://www.vmall.com/product/comdetail/index.html?prdId=10086133363559&sbomCode=2601010586341 | https://www.vmall.com/product/comdetail/index.html?prdId=10086454848882&sbomCode=2601010614324 | https://www.vmall.com/product/comdetail/index.html?prdId=10086850799769&sbomCode=2601010625916 | https://www.vmall.com/product/comdetail/index.html?prdId=10086524794571&sbomCode=2601010625710 | https://www.vmall.com/product/comdetail/index.html?prdId=10086106814226&sbomCode=2701010122029 | https://www.vmall.com/product/comdetail/index.html?prdId=10086518319242&sbomCode=2701010122623,03_使用与选购指南_KB/场景选购指南/guide-ecosystem-combo_手机平板电脑生态套装选购.md
guide-laptop-office,使用与选购指南 KB,商务办公笔记本选购,derived_from_official_product_pages,https://www.vmall.com/product/comdetail/index.html?prdId=10086702263930&sbomCode=2801010187204 | https://www.vmall.com/product/comdetail/index.html?prdId=10086097339191&sbomCode=2801010196902 | https://www.vmall.com/product/comdetail/index.html?prdId=10086715793338&sbomCode=2801010168126 | https://www.vmall.com/product/comdetail/index.html?prdId=10086627212823&sbomCode=2801010174936 | https://www.vmall.com/product/comdetail/index.html?prdId=10086159780677&sbomCode=2801010170615 | https://www.vmall.com/product/comdetail/index.html?prdId=10086600621238&sbomCode=2801010152845,03_使用与选购指南_KB/场景选购指南/guide-laptop-office_商务办公笔记本选购.md
guide-laptop-portable,使用与选购指南 KB,轻薄便携笔记本选购,derived_from_official_product_pages,https://www.vmall.com/product/comdetail/index.html?prdId=10086702263930&sbomCode=2801010187204 | https://www.vmall.com/product/comdetail/index.html?prdId=10086097339191&sbomCode=2801010196902 | https://www.vmall.com/product/comdetail/index.html?prdId=10086715793338&sbomCode=2801010168126 | https://www.vmall.com/product/comdetail/index.html?prdId=10086627212823&sbomCode=2801010174936 | https://www.vmall.com/product/comdetail/index.html?prdId=10086159780677&sbomCode=2801010170615 | https://www.vmall.com/product/comdetail/index.html?prdId=10086600621238&sbomCode=2801010152845,03_使用与选购指南_KB/场景选购指南/guide-laptop-portable_轻薄便携笔记本选购.md
guide-laptop-size,使用与选购指南 KB,14英寸与16英寸笔记本选购,derived_from_official_product_pages,https://www.vmall.com/product/comdetail/index.html?prdId=10086702263930&sbomCode=2801010187204 | https://www.vmall.com/product/comdetail/index.html?prdId=10086097339191&sbomCode=2801010196902 | https://www.vmall.com/product/comdetail/index.html?prdId=10086715793338&sbomCode=2801010168126 | https://www.vmall.com/product/comdetail/index.html?prdId=10086627212823&sbomCode=2801010174936 | https://www.vmall.com/product/comdetail/index.html?prdId=10086159780677&sbomCode=2801010170615 | https://www.vmall.com/product/comdetail/index.html?prdId=10086600621238&sbomCode=2801010152845,03_使用与选购指南_KB/场景选购指南/guide-laptop-size_14英寸与16英寸笔记本选购.md
guide-laptop-student,使用与选购指南 KB,学生笔记本选购,derived_from_official_product_pages,https://www.vmall.com/product/comdetail/index.html?prdId=10086702263930&sbomCode=2801010187204 | https://www.vmall.com/product/comdetail/index.html?prdId=10086097339191&sbomCode=2801010196902 | https://www.vmall.com/product/comdetail/index.html?prdId=10086715793338&sbomCode=2801010168126 | https://www.vmall.com/product/comdetail/index.html?prdId=10086627212823&sbomCode=2801010174936 | https://www.vmall.com/product/comdetail/index.html?prdId=10086159780677&sbomCode=2801010170615 | https://www.vmall.com/product/comdetail/index.html?prdId=10086600621238&sbomCode=2801010152845,03_使用与选购指南_KB/场景选购指南/guide-laptop-student_学生笔记本选购.md
guide-laptop-system,使用与选购指南 KB,鸿蒙电脑与 Windows 笔记本选购,derived_from_official_product_pages,https://www.vmall.com/product/comdetail/index.html?prdId=10086702263930&sbomCode=2801010187204 | https://www.vmall.com/product/comdetail/index.html?prdId=10086097339191&sbomCode=2801010196902 | https://www.vmall.com/product/comdetail/index.html?prdId=10086715793338&sbomCode=2801010168126 | https://www.vmall.com/product/comdetail/index.html?prdId=10086627212823&sbomCode=2801010174936 | https://www.vmall.com/product/comdetail/index.html?prdId=10086159780677&sbomCode=2801010170615 | https://www.vmall.com/product/comdetail/index.html?prdId=10086600621238&sbomCode=2801010152845,03_使用与选购指南_KB/场景选购指南/guide-laptop-system_鸿蒙电脑与_Windows_笔记本选购.md
guide-phone-battery,使用与选购指南 KB,手机续航与充电选购,derived_from_official_product_pages,https://www.vmall.com/product/comdetail/index.html?prdId=10086941643085&sbomCode=2601010625815 | https://www.vmall.com/product/comdetail/index.html?prdId=10086658434293&sbomCode=2601010626007 | https://www.vmall.com/product/comdetail/index.html?prdId=10086724171251&sbomCode=2601010586509 | https://www.vmall.com/product/comdetail/index.html?prdId=10086133363559&sbomCode=2601010586341 | https://www.vmall.com/product/comdetail/index.html?prdId=10086454848882&sbomCode=2601010614324 | https://www.vmall.com/product/comdetail/index.html?prdId=10086850799769&sbomCode=2601010625916 | https://www.vmall.com/product/comdetail/index.html?prdId=10086524794571&sbomCode=2601010625710 | https://www.vmall.com/product/comdetail/index.html?prdId=10086866372688&sbomCode=2601010614420,03_使用与选购指南_KB/场景选购指南/guide-phone-battery_手机续航与充电选购.md
guide-phone-business,使用与选购指南 KB,商务办公手机选购,derived_from_official_product_pages,https://www.vmall.com/product/comdetail/index.html?prdId=10086941643085&sbomCode=2601010625815 | https://www.vmall.com/product/comdetail/index.html?prdId=10086658434293&sbomCode=2601010626007 | https://www.vmall.com/product/comdetail/index.html?prdId=10086724171251&sbomCode=2601010586509 | https://www.vmall.com/product/comdetail/index.html?prdId=10086133363559&sbomCode=2601010586341 | https://www.vmall.com/product/comdetail/index.html?prdId=10086454848882&sbomCode=2601010614324 | https://www.vmall.com/product/comdetail/index.html?prdId=10086850799769&sbomCode=2601010625916 | https://www.vmall.com/product/comdetail/index.html?prdId=10086524794571&sbomCode=2601010625710 | https://www.vmall.com/product/comdetail/index.html?prdId=10086866372688&sbomCode=2601010614420,03_使用与选购指南_KB/场景选购指南/guide-phone-business_商务办公手机选购.md
guide-phone-camera,使用与选购指南 KB,手机影像能力选购,derived_from_official_product_pages,https://www.vmall.com/product/comdetail/index.html?prdId=10086941643085&sbomCode=2601010625815 | https://www.vmall.com/product/comdetail/index.html?prdId=10086658434293&sbomCode=2601010626007 | https://www.vmall.com/product/comdetail/index.html?prdId=10086724171251&sbomCode=2601010586509 | https://www.vmall.com/product/comdetail/index.html?prdId=10086133363559&sbomCode=2601010586341 | https://www.vmall.com/product/comdetail/index.html?prdId=10086454848882&sbomCode=2601010614324 | https://www.vmall.com/product/comdetail/index.html?prdId=10086850799769&sbomCode=2601010625916 | https://www.vmall.com/product/comdetail/index.html?prdId=10086524794571&sbomCode=2601010625710 | https://www.vmall.com/product/comdetail/index.html?prdId=10086866372688&sbomCode=2601010614420,03_使用与选购指南_KB/场景选购指南/guide-phone-camera_手机影像能力选购.md
guide-phone-portability,使用与选购指南 KB,手机尺寸重量与便携选购,derived_from_official_product_pages,https://www.vmall.com/product/comdetail/index.html?prdId=10086941643085&sbomCode=2601010625815 | https://www.vmall.com/product/comdetail/index.html?prdId=10086658434293&sbomCode=2601010626007 | https://www.vmall.com/product/comdetail/index.html?prdId=10086724171251&sbomCode=2601010586509 | https://www.vmall.com/product/comdetail/index.html?prdId=10086133363559&sbomCode=2601010586341 | https://www.vmall.com/product/comdetail/index.html?prdId=10086454848882&sbomCode=2601010614324 | https://www.vmall.com/product/comdetail/index.html?prdId=10086850799769&sbomCode=2601010625916 | https://www.vmall.com/product/comdetail/index.html?prdId=10086524794571&sbomCode=2601010625710 | https://www.vmall.com/product/comdetail/index.html?prdId=10086866372688&sbomCode=2601010614420,03_使用与选购指南_KB/场景选购指南/guide-phone-portability_手机尺寸重量与便携选购.md
guide-phone-screen,使用与选购指南 KB,手机屏幕与护眼选购,derived_from_official_product_pages,https://www.vmall.com/product/comdetail/index.html?prdId=10086941643085&sbomCode=2601010625815 | https://www.vmall.com/product/comdetail/index.html?prdId=10086658434293&sbomCode=2601010626007 | https://www.vmall.com/product/comdetail/index.html?prdId=10086724171251&sbomCode=2601010586509 | https://www.vmall.com/product/comdetail/index.html?prdId=10086133363559&sbomCode=2601010586341 | https://www.vmall.com/product/comdetail/index.html?prdId=10086454848882&sbomCode=2601010614324 | https://www.vmall.com/product/comdetail/index.html?prdId=10086850799769&sbomCode=2601010625916 | https://www.vmall.com/product/comdetail/index.html?prdId=10086524794571&sbomCode=2601010625710 | https://www.vmall.com/product/comdetail/index.html?prdId=10086866372688&sbomCode=2601010614420,03_使用与选购指南_KB/场景选购指南/guide-phone-screen_手机屏幕与护眼选购.md
guide-phone-series,使用与选购指南 KB,手机系列定位选购,derived_from_official_product_pages,https://www.vmall.com/product/comdetail/index.html?prdId=10086941643085&sbomCode=2601010625815 | https://www.vmall.com/product/comdetail/index.html?prdId=10086658434293&sbomCode=2601010626007 | https://www.vmall.com/product/comdetail/index.html?prdId=10086724171251&sbomCode=2601010586509 | https://www.vmall.com/product/comdetail/index.html?prdId=10086133363559&sbomCode=2601010586341 | https://www.vmall.com/product/comdetail/index.html?prdId=10086454848882&sbomCode=2601010614324 | https://www.vmall.com/product/comdetail/index.html?prdId=10086850799769&sbomCode=2601010625916 | https://www.vmall.com/product/comdetail/index.html?prdId=10086524794571&sbomCode=2601010625710 | https://www.vmall.com/product/comdetail/index.html?prdId=10086866372688&sbomCode=2601010614420,03_使用与选购指南_KB/场景选购指南/guide-phone-series_手机系列定位选购.md
guide-phone-student,使用与选购指南 KB,学生手机选购,derived_from_official_product_pages,https://www.vmall.com/product/comdetail/index.html?prdId=10086941643085&sbomCode=2601010625815 | https://www.vmall.com/product/comdetail/index.html?prdId=10086658434293&sbomCode=2601010626007 | https://www.vmall.com/product/comdetail/index.html?prdId=10086724171251&sbomCode=2601010586509 | https://www.vmall.com/product/comdetail/index.html?prdId=10086133363559&sbomCode=2601010586341 | https://www.vmall.com/product/comdetail/index.html?prdId=10086454848882&sbomCode=2601010614324 | https://www.vmall.com/product/comdetail/index.html?prdId=10086850799769&sbomCode=2601010625916 | https://www.vmall.com/product/comdetail/index.html?prdId=10086524794571&sbomCode=2601010625710 | https://www.vmall.com/product/comdetail/index.html?prdId=10086866372688&sbomCode=2601010614420,03_使用与选购指南_KB/场景选购指南/guide-phone-student_学生手机选购.md
guide-tablet-drawing,使用与选购指南 KB,绘画与手写平板选购,derived_from_official_product_pages,https://www.vmall.com/product/comdetail/index.html?prdId=10086106814226&sbomCode=2701010122029 | https://www.vmall.com/product/comdetail/index.html?prdId=10086518319242&sbomCode=2701010122623 | https://www.vmall.com/product/comdetail/index.html?prdId=10086426290126&sbomCode=2701010132701 | https://www.vmall.com/product/comdetail/index.html?prdId=10086486839777&sbomCode=2701010131701 | https://www.vmall.com/product/comdetail/index.html?prdId=10086590821009&sbomCode=2701010126301 | https://www.vmall.com/product/comdetail/index.html?prdId=10086127502687&sbomCode=2701010130502 | https://www.vmall.com/product/comdetail/index.html?prdId=10086287244006&sbomCode=2701010123211,03_使用与选购指南_KB/场景选购指南/guide-tablet-drawing_绘画与手写平板选购.md
guide-tablet-keyboard,使用与选购指南 KB,平板键盘与手写笔搭配,derived_from_official_product_pages,https://www.vmall.com/product/comdetail/index.html?prdId=10086106814226&sbomCode=2701010122029 | https://www.vmall.com/product/comdetail/index.html?prdId=10086518319242&sbomCode=2701010122623 | https://www.vmall.com/product/comdetail/index.html?prdId=10086426290126&sbomCode=2701010132701 | https://www.vmall.com/product/comdetail/index.html?prdId=10086486839777&sbomCode=2701010131701 | https://www.vmall.com/product/comdetail/index.html?prdId=10086590821009&sbomCode=2701010126301 | https://www.vmall.com/product/comdetail/index.html?prdId=10086127502687&sbomCode=2701010130502 | https://www.vmall.com/product/comdetail/index.html?prdId=10086287244006&sbomCode=2701010123211,03_使用与选购指南_KB/场景选购指南/guide-tablet-keyboard_平板键盘与手写笔搭配.md
guide-tablet-office,使用与选购指南 KB,办公场景平板选购,derived_from_official_product_pages,https://www.vmall.com/product/comdetail/index.html?prdId=10086106814226&sbomCode=2701010122029 | https://www.vmall.com/product/comdetail/index.html?prdId=10086518319242&sbomCode=2701010122623 | https://www.vmall.com/product/comdetail/index.html?prdId=10086426290126&sbomCode=2701010132701 | https://www.vmall.com/product/comdetail/index.html?prdId=10086486839777&sbomCode=2701010131701 | https://www.vmall.com/product/comdetail/index.html?prdId=10086590821009&sbomCode=2701010126301 | https://www.vmall.com/product/comdetail/index.html?prdId=10086127502687&sbomCode=2701010130502 | https://www.vmall.com/product/comdetail/index.html?prdId=10086287244006&sbomCode=2701010123211,03_使用与选购指南_KB/场景选购指南/guide-tablet-office_办公场景平板选购.md
guide-tablet-pc-mode,使用与选购指南 KB,平板电脑双模式选购,derived_from_official_product_pages,https://www.vmall.com/product/comdetail/index.html?prdId=10086106814226&sbomCode=2701010122029 | https://www.vmall.com/product/comdetail/index.html?prdId=10086518319242&sbomCode=2701010122623 | https://www.vmall.com/product/comdetail/index.html?prdId=10086426290126&sbomCode=2701010132701 | https://www.vmall.com/product/comdetail/index.html?prdId=10086486839777&sbomCode=2701010131701 | https://www.vmall.com/product/comdetail/index.html?prdId=10086590821009&sbomCode=2701010126301 | https://www.vmall.com/product/comdetail/index.html?prdId=10086127502687&sbomCode=2701010130502 | https://www.vmall.com/product/comdetail/index.html?prdId=10086287244006&sbomCode=2701010123211,03_使用与选购指南_KB/场景选购指南/guide-tablet-pc-mode_平板电脑双模式选购.md
guide-tablet-portable,使用与选购指南 KB,便携平板选购,derived_from_official_product_pages,https://www.vmall.com/product/comdetail/index.html?prdId=10086106814226&sbomCode=2701010122029 | https://www.vmall.com/product/comdetail/index.html?prdId=10086518319242&sbomCode=2701010122623 | https://www.vmall.com/product/comdetail/index.html?prdId=10086426290126&sbomCode=2701010132701 | https://www.vmall.com/product/comdetail/index.html?prdId=10086486839777&sbomCode=2701010131701 | https://www.vmall.com/product/comdetail/index.html?prdId=10086590821009&sbomCode=2701010126301 | https://www.vmall.com/product/comdetail/index.html?prdId=10086127502687&sbomCode=2701010130502 | https://www.vmall.com/product/comdetail/index.html?prdId=10086287244006&sbomCode=2701010123211,03_使用与选购指南_KB/场景选购指南/guide-tablet-portable_便携平板选购.md
guide-tablet-screen,使用与选购指南 KB,平板屏幕与柔光版选购,derived_from_official_product_pages,https://www.vmall.com/product/comdetail/index.html?prdId=10086106814226&sbomCode=2701010122029 | https://www.vmall.com/product/comdetail/index.html?prdId=10086518319242&sbomCode=2701010122623 | https://www.vmall.com/product/comdetail/index.html?prdId=10086426290126&sbomCode=2701010132701 | https://www.vmall.com/product/comdetail/index.html?prdId=10086486839777&sbomCode=2701010131701 | https://www.vmall.com/product/comdetail/index.html?prdId=10086590821009&sbomCode=2701010126301 | https://www.vmall.com/product/comdetail/index.html?prdId=10086127502687&sbomCode=2701010130502 | https://www.vmall.com/product/comdetail/index.html?prdId=10086287244006&sbomCode=2701010123211,03_使用与选购指南_KB/场景选购指南/guide-tablet-screen_平板屏幕与柔光版选购.md
guide-tablet-study,使用与选购指南 KB,学习场景平板选购,derived_from_official_product_pages,https://www.vmall.com/product/comdetail/index.html?prdId=10086106814226&sbomCode=2701010122029 | https://www.vmall.com/product/comdetail/index.html?prdId=10086518319242&sbomCode=2701010122623 | https://www.vmall.com/product/comdetail/index.html?prdId=10086426290126&sbomCode=2701010132701 | https://www.vmall.com/product/comdetail/index.html?prdId=10086486839777&sbomCode=2701010131701 | https://www.vmall.com/product/comdetail/index.html?prdId=10086590821009&sbomCode=2701010126301 | https://www.vmall.com/product/comdetail/index.html?prdId=10086127502687&sbomCode=2701010130502 | https://www.vmall.com/product/comdetail/index.html?prdId=10086287244006&sbomCode=2701010123211,03_使用与选购指南_KB/场景选购指南/guide-tablet-study_学习场景平板选购.md
guide-wearable-match,使用与选购指南 KB,手机与穿戴设备搭配选购,derived_from_official_product_pages,https://www.vmall.com/product/comdetail/index.html?prdId=10086702263930&sbomCode=2801010187204 | https://www.vmall.com/product/comdetail/index.html?prdId=10086941643085&sbomCode=2601010625815 | https://www.vmall.com/product/comdetail/index.html?prdId=10086658434293&sbomCode=2601010626007 | https://www.vmall.com/product/comdetail/index.html?prdId=10086724171251&sbomCode=2601010586509 | https://www.vmall.com/product/comdetail/index.html?prdId=10086133363559&sbomCode=2601010586341 | https://www.vmall.com/product/comdetail/index.html?prdId=10086454848882&sbomCode=2601010614324 | https://www.vmall.com/product/comdetail/index.html?prdId=10086850799769&sbomCode=2601010625916 | https://www.vmall.com/product/comdetail/index.html?prdId=10086524794571&sbomCode=2601010625710 | https://www.vmall.com/product/comdetail/index.html?prdId=10086106814226&sbomCode=2701010122029 | https://www.vmall.com/product/comdetail/index.html?prdId=10086518319242&sbomCode=2701010122623,03_使用与选购指南_KB/场景选购指南/guide-wearable-match_手机与穿戴设备搭配选购.md
guide-android-migration,使用与选购指南 KB,安卓设备迁移到HarmonyOS指南,official_support_or_policy_page,https://consumer.huawei.com/cn/support/content/zh-cn16079092/,03_使用与选购指南_KB/官方资料/guide-android-migration_安卓设备迁移到HarmonyOS指南.md
guide-battery-care,使用与选购指南 KB,手机平板续航与电池保养,official_support_or_policy_page,https://consumer.huawei.com/cn/support/content/zh-cn00409982/,03_使用与选购指南_KB/官方资料/guide-battery-care_手机平板续航与电池保养.md
guide-laptop-new,使用与选购指南 KB,华为笔记本新机入手指南,official_support_or_policy_page,https://consumer.huawei.com/cn/support/laptop-user-guide/,03_使用与选购指南_KB/官方资料/guide-laptop-new_华为笔记本新机入手指南.md
guide-laptop-query,使用与选购指南 KB,笔记本参数与设备权益查询,official_support_or_policy_page,https://consumer.huawei.com/cn/support/laptop-user-guide/query/,03_使用与选购指南_KB/官方资料/guide-laptop-query_笔记本参数与设备权益查询.md
guide-phone-clone,使用与选购指南 KB,手机克隆换机指南,official_support_or_policy_page,https://consumer.huawei.com/cn/support/content/zh-cn16078619/,03_使用与选购指南_KB/官方资料/guide-phone-clone_手机克隆换机指南.md
guide-product-support,使用与选购指南 KB,华为产品支持入口,official_support_or_policy_page,https://consumer.huawei.com/cn/support/product/,03_使用与选购指南_KB/官方资料/guide-product-support_华为产品支持入口.md
guide-stylus,使用与选购指南 KB,平板手写笔使用指南,official_support_or_policy_page,https://consumer.huawei.com/cn/support/content/zh-cn15983946/,03_使用与选购指南_KB/官方资料/guide-stylus_平板手写笔使用指南.md
framework-bundle,使用与选购指南 KB,跨设备套装选购追问流程,decision_framework_derived_from_official_catalog,https://www.vmall.com/product/comdetail/index.html?prdId=10086702263930&sbomCode=2801010187204 | https://www.vmall.com/product/comdetail/index.html?prdId=10086941643085&sbomCode=2601010625815 | https://www.vmall.com/product/comdetail/index.html?prdId=10086658434293&sbomCode=2601010626007 | https://www.vmall.com/product/comdetail/index.html?prdId=10086724171251&sbomCode=2601010586509 | https://www.vmall.com/product/comdetail/index.html?prdId=10086133363559&sbomCode=2601010586341 | https://www.vmall.com/product/comdetail/index.html?prdId=10086454848882&sbomCode=2601010614324 | https://www.vmall.com/product/comdetail/index.html?prdId=10086850799769&sbomCode=2601010625916 | https://www.vmall.com/product/comdetail/index.html?prdId=10086524794571&sbomCode=2601010625710 | https://www.vmall.com/product/comdetail/index.html?prdId=10086106814226&sbomCode=2701010122029 | https://www.vmall.com/product/comdetail/index.html?prdId=10086518319242&sbomCode=2701010122623 | https://www.vmall.com/product/comdetail/index.html?prdId=10086426290126&sbomCode=2701010132701 | https://www.vmall.com/product/comdetail/index.html?prdId=10086486839777&sbomCode=2701010131701 | https://www.vmall.com/product/comdetail/index.html?prdId=10086590821009&sbomCode=2701010126301 | https://www.vmall.com/product/comdetail/index.html?prdId=10086127502687&sbomCode=2701010130502 | https://www.vmall.com/product/comdetail/index.html?prdId=10086287244006&sbomCode=2701010123211 | https://www.vmall.com/product/comdetail/index.html?prdId=10086097339191&sbomCode=2801010196902 | https://www.vmall.com/product/comdetail/index.html?prdId=10086715793338&sbomCode=2801010168126 | https://www.vmall.com/product/comdetail/index.html?prdId=10086627212823&sbomCode=2801010174936 | https://www.vmall.com/product/comdetail/index.html?prdId=10086866372688&sbomCode=2601010614420 | https://www.vmall.com/product/comdetail/index.html?prdId=10086159780677&sbomCode=2801010170615 | https://www.vmall.com/product/comdetail/index.html?prdId=10086600621238&sbomCode=2801010152845,03_使用与选购指南_KB/选购框架/framework-bundle_跨设备套装选购追问流程.md
framework-laptop,使用与选购指南 KB,笔记本选购字段与追问框架,decision_framework_derived_from_official_catalog,https://www.vmall.com/product/comdetail/index.html?prdId=10086702263930&sbomCode=2801010187204 | https://www.vmall.com/product/comdetail/index.html?prdId=10086097339191&sbomCode=2801010196902 | https://www.vmall.com/product/comdetail/index.html?prdId=10086715793338&sbomCode=2801010168126 | https://www.vmall.com/product/comdetail/index.html?prdId=10086627212823&sbomCode=2801010174936 | https://www.vmall.com/product/comdetail/index.html?prdId=10086159780677&sbomCode=2801010170615 | https://www.vmall.com/product/comdetail/index.html?prdId=10086600621238&sbomCode=2801010152845,03_使用与选购指南_KB/选购框架/framework-laptop_笔记本选购字段与追问框架.md
framework-phone,使用与选购指南 KB,手机选购字段与追问框架,decision_framework_derived_from_official_catalog,https://www.vmall.com/product/comdetail/index.html?prdId=10086941643085&sbomCode=2601010625815 | https://www.vmall.com/product/comdetail/index.html?prdId=10086658434293&sbomCode=2601010626007 | https://www.vmall.com/product/comdetail/index.html?prdId=10086724171251&sbomCode=2601010586509 | https://www.vmall.com/product/comdetail/index.html?prdId=10086133363559&sbomCode=2601010586341 | https://www.vmall.com/product/comdetail/index.html?prdId=10086454848882&sbomCode=2601010614324 | https://www.vmall.com/product/comdetail/index.html?prdId=10086850799769&sbomCode=2601010625916 | https://www.vmall.com/product/comdetail/index.html?prdId=10086524794571&sbomCode=2601010625710 | https://www.vmall.com/product/comdetail/index.html?prdId=10086866372688&sbomCode=2601010614420,03_使用与选购指南_KB/选购框架/framework-phone_手机选购字段与追问框架.md
framework-tablet,使用与选购指南 KB,平板选购字段与追问框架,decision_framework_derived_from_official_catalog,https://www.vmall.com/product/comdetail/index.html?prdId=10086106814226&sbomCode=2701010122029 | https://www.vmall.com/product/comdetail/index.html?prdId=10086518319242&sbomCode=2701010122623 | https://www.vmall.com/product/comdetail/index.html?prdId=10086426290126&sbomCode=2701010132701 | https://www.vmall.com/product/comdetail/index.html?prdId=10086486839777&sbomCode=2701010131701 | https://www.vmall.com/product/comdetail/index.html?prdId=10086590821009&sbomCode=2701010126301 | https://www.vmall.com/product/comdetail/index.html?prdId=10086127502687&sbomCode=2701010130502 | https://www.vmall.com/product/comdetail/index.html?prdId=10086287244006&sbomCode=2701010123211,03_使用与选购指南_KB/选购框架/framework-tablet_平板选购字段与追问框架.md
service-area,配送与安装 KB,华为官方服务范围,official_support_or_policy_page,https://consumer.huawei.com/cn/support/service-area/,04_配送与安装_KB/service-area_华为官方服务范围.md
service-delivery,配送与安装 KB,华为商城发货与配送,official_support_or_policy_page,https://www.vmall.com/help/faq-16732.html,04_配送与安装_KB/service-delivery_华为商城发货与配送.md
service-sign,配送与安装 KB,华为商城查询与签收,official_support_or_policy_page,https://www.vmall.com/help/faq-16734.html,04_配送与安装_KB/service-sign_华为商城查询与签收.md
service-transport,配送与安装 KB,华为商城运输与查询,official_support_or_policy_page,https://www.vmall.com/help/faq-4367.html,04_配送与安装_KB/service-transport_华为商城运输与查询.md
delivery-checklist,配送与安装 KB,配送查询所需信息清单,checklist_derived_from_official_policy_pages,https://consumer.huawei.com/cn/support/service-area/ | https://www.vmall.com/help/faq-16732.html | https://www.vmall.com/help/faq-16734.html | https://www.vmall.com/help/faq-4367.html,04_配送与安装_KB/办理清单/delivery-checklist_配送查询所需信息清单.md
sign-checklist,配送与安装 KB,商品签收验货清单,checklist_derived_from_official_policy_pages,https://consumer.huawei.com/cn/support/service-area/ | https://www.vmall.com/help/faq-16732.html | https://www.vmall.com/help/faq-16734.html | https://www.vmall.com/help/faq-4367.html,04_配送与安装_KB/办理清单/sign-checklist_商品签收验货清单.md
service-refund,退换货与保修 KB,退款方式和周期,official_support_or_policy_page,https://www.vmall.com/help/faq-16704.html,05_退换货与保修_KB/service-refund_退款方式和周期.md
service-return,退换货与保修 KB,华为商城退换货政策,official_support_or_policy_page,https://www.vmall.com/help/faq-834.html,05_退换货与保修_KB/service-return_华为商城退换货政策.md
service-warranty-pc,退换货与保修 KB,笔记本电脑保修政策,official_support_or_policy_page,https://consumer.huawei.com/cn/support/warranty-policy/pc/,05_退换货与保修_KB/service-warranty-pc_笔记本电脑保修政策.md
service-warranty-phone,退换货与保修 KB,华为手机保修政策要点,official_policy_summary,https://consumer.huawei.com/cn/support/warranty-policy/smartphone/,05_退换货与保修_KB/service-warranty-phone_华为手机保修政策要点.md
service-warranty-tablet,退换货与保修 KB,平板保修政策,official_support_or_policy_page,https://consumer.huawei.com/cn/support/warranty-policy/tablet/,05_退换货与保修_KB/service-warranty-tablet_平板保修政策.md
return-checklist,退换货与保修 KB,退换货申请办理清单,checklist_derived_from_official_policy_pages,https://consumer.huawei.com/cn/support/warranty-policy/pc/ | https://consumer.huawei.com/cn/support/warranty-policy/smartphone/ | https://consumer.huawei.com/cn/support/warranty-policy/tablet/ | https://www.vmall.com/help/faq-16704.html | https://www.vmall.com/help/faq-834.html,05_退换货与保修_KB/办理清单/return-checklist_退换货申请办理清单.md
warranty-checklist,退换货与保修 KB,保修与送修凭证清单,checklist_derived_from_official_policy_pages,https://consumer.huawei.com/cn/support/warranty-policy/pc/ | https://consumer.huawei.com/cn/support/warranty-policy/smartphone/ | https://consumer.huawei.com/cn/support/warranty-policy/tablet/ | https://www.vmall.com/help/faq-16704.html | https://www.vmall.com/help/faq-834.html,05_退换货与保修_KB/办理清单/warranty-checklist_保修与送修凭证清单.md
service-battery-repair,发票与售后 KB,平板笔记本电池维修指引,official_support_or_policy_page,https://consumer.huawei.com/cn/support/content/zh-cn15907329/,06_发票与售后_KB/service-battery-repair_平板笔记本电池维修指引.md
service-electronic-warranty,发票与售后 KB,电子三包凭证说明,official_support_or_policy_page,https://consumer.huawei.com/cn/support/content/zh-cn15937870/,06_发票与售后_KB/service-electronic-warranty_电子三包凭证说明.md
service-invoice,发票与售后 KB,华为商城发票说明,official_support_or_policy_page,https://www.vmall.com/help/faq-16702.html,06_发票与售后_KB/service-invoice_华为商城发票说明.md
service-laptop-benefits,发票与售后 KB,华为笔记本服务权益,official_support_or_policy_page,https://consumer.huawei.com/cn/support/laptops-service/,06_发票与售后_KB/service-laptop-benefits_华为笔记本服务权益.md
service-mail-repair,发票与售后 KB,手机寄修服务,official_support_or_policy_page,https://www.vmall.com/help/faq-16698.html,06_发票与售后_KB/service-mail-repair_手机寄修服务.md
invoice-checklist,发票与售后 KB,发票开具与换开核对清单,checklist_derived_from_official_policy_pages,https://consumer.huawei.com/cn/support/content/zh-cn15907329/ | https://consumer.huawei.com/cn/support/content/zh-cn15937870/ | https://consumer.huawei.com/cn/support/laptops-service/ | https://www.vmall.com/help/faq-16698.html | https://www.vmall.com/help/faq-16702.html,06_发票与售后_KB/办理清单/invoice-checklist_发票开具与换开核对清单.md
repair-checklist,发票与售后 KB,寄修与维修前准备清单,checklist_derived_from_official_policy_pages,https://consumer.huawei.com/cn/support/content/zh-cn15907329/ | https://consumer.huawei.com/cn/support/content/zh-cn15937870/ | https://consumer.huawei.com/cn/support/laptops-service/ | https://www.vmall.com/help/faq-16698.html | https://www.vmall.com/help/faq-16702.html,06_发票与售后_KB/办理清单/repair-checklist_寄修与维修前准备清单.md
